key,response,group,num_options
AVGFAM_W41,a,question 0,3
AVGFAM_W41,a,question 0,3
AVGFAM_W41,b,question 0,3
AVGFAM_W41,b,question 0,3
AVGFAM_W41,a,question 0,3
AVGFAM_W41,b,question 0,3
AVGFAM_W41,a,question 0,3
AVGFAM_W41,b,question 0,3
AVGFAM_W41,b,question 0,3
AVGFAM_W41,a,question 0,3
AVGFAM_W41,b,question 0,3
AVGFAM_W41,b,question 0,3
AVGFAM_W41,b,question 0,3
AVGFAM_W41,a,question 0,3
AVGFAM_W41,a,question 0,3
AVGFAM_W41,b,question 0,3
AVGFAM_W41,b,question 0,3
AVGFAM_W41,a,question 0,3
AVGFAM_W41,a,question 0,3
AVGFAM_W41,a,question 0,3
AVGFAM_W41,a,question 0,3
AVGFAM_W41,b,question 0,3
AVGFAM_W41,a,question 0,3
AVGFAM_W41,b,question 0,3
AVGFAM_W41,a,question 0,3
AVGFAM_W41,b,question 0,3
AVGFAM_W41,a,question 0,3
AVGFAM_W41,a,question 0,3
AVGFAM_W41,a,question 0,3
AVGFAM_W41,b,question 0,3
AVGFAM_W41,a,question 0,3
AVGFAM_W41,a,question 0,3
AVGFAM_W41,b,question 0,3
AVGFAM_W41,a,question 0,3
AVGFAM_W41,a,question 0,3
AVGFAM_W41,a,question 0,3
AVGFAM_W41,b,question 0,3
AVGFAM_W41,a,question 0,3
AVGFAM_W41,b,question 0,3
AVGFAM_W41,b,question 0,3
AVGFAM_W41,b,question 0,3
AVGFAM_W41,a,question 0,3
AVGFAM_W41,a,question 0,3
AVGFAM_W41,b,question 0,3
AVGFAM_W41,b,question 0,3
AVGFAM_W41,b,question 0,3
AVGFAM_W41,a,question 0,3
AVGFAM_W41,b,question 0,3
AVGFAM_W41,b,question 0,3
AVGFAM_W41,b,question 0,3
AVGFAM_W41,a,question 1,3
AVGFAM_W41,b,question 1,3
AVGFAM_W41,a,question 1,3
AVGFAM_W41,b,question 1,3
AVGFAM_W41,b,question 1,3
AVGFAM_W41,a,question 1,3
AVGFAM_W41,b,question 1,3
AVGFAM_W41,a,question 1,3
AVGFAM_W41,b,question 1,3
AVGFAM_W41,b,question 1,3
AVGFAM_W41,b,question 1,3
AVGFAM_W41,b,question 1,3
AVGFAM_W41,b,question 1,3
AVGFAM_W41,b,question 1,3
AVGFAM_W41,b,question 1,3
AVGFAM_W41,b,question 1,3
AVGFAM_W41,b,question 1,3
AVGFAM_W41,b,question 1,3
AVGFAM_W41,b,question 1,3
AVGFAM_W41,b,question 1,3
AVGFAM_W41,b,question 1,3
AVGFAM_W41,b,question 1,3
AVGFAM_W41,b,question 1,3
AVGFAM_W41,b,question 1,3
AVGFAM_W41,a,question 1,3
AVGFAM_W41,a,question 1,3
AVGFAM_W41,a,question 1,3
AVGFAM_W41,b,question 1,3
AVGFAM_W41,b,question 1,3
AVGFAM_W41,b,question 1,3
AVGFAM_W41,b,question 1,3
AVGFAM_W41,b,question 1,3
AVGFAM_W41,b,question 1,3
AVGFAM_W41,a,question 1,3
AVGFAM_W41,b,question 1,3
AVGFAM_W41,b,question 1,3
AVGFAM_W41,b,question 1,3
AVGFAM_W41,a,question 1,3
AVGFAM_W41,b,question 1,3
AVGFAM_W41,b,question 1,3
AVGFAM_W41,b,question 1,3
AVGFAM_W41,b,question 1,3
AVGFAM_W41,b,question 1,3
AVGFAM_W41,a,question 1,3
AVGFAM_W41,a,question 1,3
AVGFAM_W41,a,question 1,3
AVGFAM_W41,b,question 1,3
AVGFAM_W41,b,question 1,3
AVGFAM_W41,b,question 1,3
AVGFAM_W41,b,question 1,3
HAPPENa_W41,a,question 0,2
HAPPENa_W41,a,question 0,2
HAPPENa_W41,a,question 0,2
HAPPENa_W41,a,question 0,2
HAPPENa_W41,b,question 0,2
HAPPENa_W41,a,question 0,2
HAPPENa_W41,a,question 0,2
HAPPENa_W41,a,question 0,2
HAPPENa_W41,a,question 0,2
HAPPENa_W41,a,question 0,2
HAPPENa_W41,a,question 0,2
HAPPENa_W41,a,question 0,2
HAPPENa_W41,a,question 0,2
HAPPENa_W41,a,question 0,2
HAPPENa_W41,a,question 0,2
HAPPENa_W41,a,question 0,2
HAPPENa_W41,a,question 0,2
HAPPENa_W41,a,question 0,2
HAPPENa_W41,a,question 0,2
HAPPENa_W41,a,question 0,2
HAPPENa_W41,a,question 0,2
HAPPENa_W41,a,question 0,2
HAPPENa_W41,a,question 0,2
HAPPENa_W41,a,question 0,2
HAPPENa_W41,a,question 0,2
HAPPENa_W41,a,question 0,2
HAPPENa_W41,a,question 0,2
HAPPENa_W41,a,question 0,2
HAPPENa_W41,a,question 0,2
HAPPENa_W41,a,question 0,2
HAPPENa_W41,a,question 0,2
HAPPENa_W41,a,question 0,2
HAPPENa_W41,a,question 0,2
HAPPENa_W41,a,question 0,2
HAPPENa_W41,a,question 0,2
HAPPENa_W41,a,question 0,2
HAPPENa_W41,a,question 0,2
HAPPENa_W41,a,question 0,2
HAPPENa_W41,a,question 0,2
HAPPENa_W41,a,question 0,2
HAPPENa_W41,a,question 0,2
HAPPENa_W41,a,question 0,2
HAPPENa_W41,a,question 0,2
HAPPENa_W41,a,question 0,2
HAPPENa_W41,a,question 0,2
HAPPENa_W41,a,question 0,2
HAPPENa_W41,a,question 0,2
HAPPENa_W41,a,question 0,2
HAPPENa_W41,a,question 0,2
HAPPENa_W41,a,question 0,2
HAPPENa_W41,a,question 1,2
HAPPENa_W41,a,question 1,2
HAPPENa_W41,a,question 1,2
HAPPENa_W41,a,question 1,2
HAPPENa_W41,a,question 1,2
HAPPENa_W41,a,question 1,2
HAPPENa_W41,a,question 1,2
HAPPENa_W41,a,question 1,2
HAPPENa_W41,a,question 1,2
HAPPENa_W41,a,question 1,2
HAPPENa_W41,a,question 1,2
HAPPENa_W41,a,question 1,2
HAPPENa_W41,a,question 1,2
HAPPENa_W41,a,question 1,2
HAPPENa_W41,a,question 1,2
HAPPENa_W41,a,question 1,2
HAPPENa_W41,a,question 1,2
HAPPENa_W41,a,question 1,2
HAPPENa_W41,a,question 1,2
HAPPENa_W41,a,question 1,2
HAPPENa_W41,a,question 1,2
HAPPENa_W41,a,question 1,2
HAPPENa_W41,a,question 1,2
HAPPENa_W41,a,question 1,2
HAPPENa_W41,a,question 1,2
HAPPENa_W41,b,question 1,2
HAPPENa_W41,a,question 1,2
HAPPENa_W41,a,question 1,2
HAPPENa_W41,a,question 1,2
HAPPENa_W41,a,question 1,2
HAPPENa_W41,a,question 1,2
HAPPENa_W41,a,question 1,2
HAPPENa_W41,a,question 1,2
HAPPENa_W41,a,question 1,2
HAPPENa_W41,a,question 1,2
HAPPENa_W41,a,question 1,2
HAPPENa_W41,a,question 1,2
HAPPENa_W41,a,question 1,2
HAPPENa_W41,a,question 1,2
HAPPENa_W41,a,question 1,2
HAPPENa_W41,a,question 1,2
HAPPENa_W41,a,question 1,2
HAPPENa_W41,a,question 1,2
HAPPENa_W41,a,question 1,2
HAPPENa_W41,a,question 1,2
HAPPENa_W41,a,question 1,2
HAPPENa_W41,a,question 1,2
HAPPENa_W41,a,question 1,2
HAPPENa_W41,a,question 1,2
HAPPENa_W41,a,question 1,2
HAPPENb_W41,b,question 0,2
HAPPENb_W41,a,question 0,2
HAPPENb_W41,b,question 0,2
HAPPENb_W41,b,question 0,2
HAPPENb_W41,b,question 0,2
HAPPENb_W41,b,question 0,2
HAPPENb_W41,b,question 0,2
HAPPENb_W41,a,question 0,2
HAPPENb_W41,b,question 0,2
HAPPENb_W41,b,question 0,2
HAPPENb_W41,a,question 0,2
HAPPENb_W41,b,question 0,2
HAPPENb_W41,b,question 0,2
HAPPENb_W41,b,question 0,2
HAPPENb_W41,b,question 0,2
HAPPENb_W41,a,question 0,2
HAPPENb_W41,b,question 0,2
HAPPENb_W41,b,question 0,2
HAPPENb_W41,b,question 0,2
HAPPENb_W41,b,question 0,2
HAPPENb_W41,a,question 0,2
HAPPENb_W41,b,question 0,2
HAPPENb_W41,a,question 0,2
HAPPENb_W41,a,question 0,2
HAPPENb_W41,a,question 0,2
HAPPENb_W41,b,question 0,2
HAPPENb_W41,b,question 0,2
HAPPENb_W41,b,question 0,2
HAPPENb_W41,a,question 0,2
HAPPENb_W41,a,question 0,2
HAPPENb_W41,b,question 0,2
HAPPENb_W41,a,question 0,2
HAPPENb_W41,b,question 0,2
HAPPENb_W41,b,question 0,2
HAPPENb_W41,b,question 0,2
HAPPENb_W41,b,question 0,2
HAPPENb_W41,a,question 0,2
HAPPENb_W41,a,question 0,2
HAPPENb_W41,a,question 0,2
HAPPENb_W41,a,question 0,2
HAPPENb_W41,b,question 0,2
HAPPENb_W41,a,question 0,2
HAPPENb_W41,b,question 0,2
HAPPENb_W41,b,question 0,2
HAPPENb_W41,b,question 0,2
HAPPENb_W41,a,question 0,2
HAPPENb_W41,b,question 0,2
HAPPENb_W41,a,question 0,2
HAPPENb_W41,b,question 0,2
HAPPENb_W41,a,question 0,2
HAPPENb_W41,a,question 1,2
HAPPENb_W41,b,question 1,2
HAPPENb_W41,b,question 1,2
HAPPENb_W41,b,question 1,2
HAPPENb_W41,a,question 1,2
HAPPENb_W41,a,question 1,2
HAPPENb_W41,b,question 1,2
HAPPENb_W41,b,question 1,2
HAPPENb_W41,b,question 1,2
HAPPENb_W41,b,question 1,2
HAPPENb_W41,b,question 1,2
HAPPENb_W41,b,question 1,2
HAPPENb_W41,b,question 1,2
HAPPENb_W41,b,question 1,2
HAPPENb_W41,b,question 1,2
HAPPENb_W41,b,question 1,2
HAPPENb_W41,a,question 1,2
HAPPENb_W41,b,question 1,2
HAPPENb_W41,b,question 1,2
HAPPENb_W41,b,question 1,2
HAPPENb_W41,b,question 1,2
HAPPENb_W41,b,question 1,2
HAPPENb_W41,b,question 1,2
HAPPENb_W41,b,question 1,2
HAPPENb_W41,b,question 1,2
HAPPENb_W41,b,question 1,2
HAPPENb_W41,b,question 1,2
HAPPENb_W41,a,question 1,2
HAPPENb_W41,b,question 1,2
HAPPENb_W41,b,question 1,2
HAPPENb_W41,b,question 1,2
HAPPENb_W41,b,question 1,2
HAPPENb_W41,b,question 1,2
HAPPENb_W41,b,question 1,2
HAPPENb_W41,b,question 1,2
HAPPENb_W41,b,question 1,2
HAPPENb_W41,a,question 1,2
HAPPENb_W41,a,question 1,2
HAPPENb_W41,b,question 1,2
HAPPENb_W41,b,question 1,2
HAPPENb_W41,a,question 1,2
HAPPENb_W41,b,question 1,2
HAPPENb_W41,a,question 1,2
HAPPENb_W41,a,question 1,2
HAPPENb_W41,b,question 1,2
HAPPENb_W41,b,question 1,2
HAPPENb_W41,b,question 1,2
HAPPENb_W41,b,question 1,2
HAPPENb_W41,b,question 1,2
HAPPENb_W41,a,question 1,2
HAPPENc_W41,a,question 0,2
HAPPENc_W41,a,question 0,2
HAPPENc_W41,a,question 0,2
HAPPENc_W41,a,question 0,2
HAPPENc_W41,a,question 0,2
HAPPENc_W41,a,question 0,2
HAPPENc_W41,a,question 0,2
HAPPENc_W41,a,question 0,2
HAPPENc_W41,b,question 0,2
HAPPENc_W41,a,question 0,2
HAPPENc_W41,a,question 0,2
HAPPENc_W41,a,question 0,2
HAPPENc_W41,a,question 0,2
HAPPENc_W41,a,question 0,2
HAPPENc_W41,a,question 0,2
HAPPENc_W41,a,question 0,2
HAPPENc_W41,a,question 0,2
HAPPENc_W41,a,question 0,2
HAPPENc_W41,a,question 0,2
HAPPENc_W41,a,question 0,2
HAPPENc_W41,a,question 0,2
HAPPENc_W41,a,question 0,2
HAPPENc_W41,a,question 0,2
HAPPENc_W41,a,question 0,2
HAPPENc_W41,a,question 0,2
HAPPENc_W41,a,question 0,2
HAPPENc_W41,a,question 0,2
HAPPENc_W41,a,question 0,2
HAPPENc_W41,a,question 0,2
HAPPENc_W41,a,question 0,2
HAPPENc_W41,a,question 0,2
HAPPENc_W41,a,question 0,2
HAPPENc_W41,a,question 0,2
HAPPENc_W41,a,question 0,2
HAPPENc_W41,a,question 0,2
HAPPENc_W41,a,question 0,2
HAPPENc_W41,a,question 0,2
HAPPENc_W41,a,question 0,2
HAPPENc_W41,a,question 0,2
HAPPENc_W41,a,question 0,2
HAPPENc_W41,a,question 0,2
HAPPENc_W41,a,question 0,2
HAPPENc_W41,a,question 0,2
HAPPENc_W41,a,question 0,2
HAPPENc_W41,a,question 0,2
HAPPENc_W41,a,question 0,2
HAPPENc_W41,a,question 0,2
HAPPENc_W41,a,question 0,2
HAPPENc_W41,a,question 0,2
HAPPENc_W41,a,question 0,2
HAPPENc_W41,a,question 1,2
HAPPENc_W41,a,question 1,2
HAPPENc_W41,a,question 1,2
HAPPENc_W41,a,question 1,2
HAPPENc_W41,a,question 1,2
HAPPENc_W41,a,question 1,2
HAPPENc_W41,a,question 1,2
HAPPENc_W41,a,question 1,2
HAPPENc_W41,a,question 1,2
HAPPENc_W41,a,question 1,2
HAPPENc_W41,a,question 1,2
HAPPENc_W41,a,question 1,2
HAPPENc_W41,b,question 1,2
HAPPENc_W41,a,question 1,2
HAPPENc_W41,a,question 1,2
HAPPENc_W41,a,question 1,2
HAPPENc_W41,a,question 1,2
HAPPENc_W41,a,question 1,2
HAPPENc_W41,a,question 1,2
HAPPENc_W41,a,question 1,2
HAPPENc_W41,a,question 1,2
HAPPENc_W41,a,question 1,2
HAPPENc_W41,a,question 1,2
HAPPENc_W41,a,question 1,2
HAPPENc_W41,a,question 1,2
HAPPENc_W41,a,question 1,2
HAPPENc_W41,a,question 1,2
HAPPENc_W41,a,question 1,2
HAPPENc_W41,a,question 1,2
HAPPENc_W41,a,question 1,2
HAPPENc_W41,a,question 1,2
HAPPENc_W41,a,question 1,2
HAPPENc_W41,a,question 1,2
HAPPENc_W41,a,question 1,2
HAPPENc_W41,a,question 1,2
HAPPENc_W41,a,question 1,2
HAPPENc_W41,a,question 1,2
HAPPENc_W41,a,question 1,2
HAPPENc_W41,a,question 1,2
HAPPENc_W41,a,question 1,2
HAPPENc_W41,a,question 1,2
HAPPENc_W41,a,question 1,2
HAPPENc_W41,a,question 1,2
HAPPENc_W41,a,question 1,2
HAPPENc_W41,a,question 1,2
HAPPENc_W41,a,question 1,2
HAPPENc_W41,a,question 1,2
HAPPENc_W41,a,question 1,2
HAPPENc_W41,a,question 1,2
HAPPENc_W41,a,question 1,2
HAPPENd_W41,b,question 0,2
HAPPENd_W41,b,question 0,2
HAPPENd_W41,a,question 0,2
HAPPENd_W41,a,question 0,2
HAPPENd_W41,a,question 0,2
HAPPENd_W41,a,question 0,2
HAPPENd_W41,a,question 0,2
HAPPENd_W41,a,question 0,2
HAPPENd_W41,a,question 0,2
HAPPENd_W41,a,question 0,2
HAPPENd_W41,b,question 0,2
HAPPENd_W41,a,question 0,2
HAPPENd_W41,a,question 0,2
HAPPENd_W41,a,question 0,2
HAPPENd_W41,a,question 0,2
HAPPENd_W41,a,question 0,2
HAPPENd_W41,a,question 0,2
HAPPENd_W41,b,question 0,2
HAPPENd_W41,a,question 0,2
HAPPENd_W41,b,question 0,2
HAPPENd_W41,a,question 0,2
HAPPENd_W41,a,question 0,2
HAPPENd_W41,a,question 0,2
HAPPENd_W41,a,question 0,2
HAPPENd_W41,a,question 0,2
HAPPENd_W41,a,question 0,2
HAPPENd_W41,a,question 0,2
HAPPENd_W41,b,question 0,2
HAPPENd_W41,a,question 0,2
HAPPENd_W41,a,question 0,2
HAPPENd_W41,b,question 0,2
HAPPENd_W41,a,question 0,2
HAPPENd_W41,b,question 0,2
HAPPENd_W41,a,question 0,2
HAPPENd_W41,b,question 0,2
HAPPENd_W41,a,question 0,2
HAPPENd_W41,a,question 0,2
HAPPENd_W41,a,question 0,2
HAPPENd_W41,a,question 0,2
HAPPENd_W41,a,question 0,2
HAPPENd_W41,a,question 0,2
HAPPENd_W41,a,question 0,2
HAPPENd_W41,a,question 0,2
HAPPENd_W41,b,question 0,2
HAPPENd_W41,a,question 0,2
HAPPENd_W41,a,question 0,2
HAPPENd_W41,a,question 0,2
HAPPENd_W41,a,question 0,2
HAPPENd_W41,b,question 0,2
HAPPENd_W41,a,question 0,2
HAPPENd_W41,a,question 1,2
HAPPENd_W41,b,question 1,2
HAPPENd_W41,b,question 1,2
HAPPENd_W41,b,question 1,2
HAPPENd_W41,b,question 1,2
HAPPENd_W41,a,question 1,2
HAPPENd_W41,b,question 1,2
HAPPENd_W41,b,question 1,2
HAPPENd_W41,b,question 1,2
HAPPENd_W41,a,question 1,2
HAPPENd_W41,b,question 1,2
HAPPENd_W41,b,question 1,2
HAPPENd_W41,b,question 1,2
HAPPENd_W41,a,question 1,2
HAPPENd_W41,b,question 1,2
HAPPENd_W41,b,question 1,2
HAPPENd_W41,b,question 1,2
HAPPENd_W41,a,question 1,2
HAPPENd_W41,a,question 1,2
HAPPENd_W41,a,question 1,2
HAPPENd_W41,b,question 1,2
HAPPENd_W41,a,question 1,2
HAPPENd_W41,a,question 1,2
HAPPENd_W41,b,question 1,2
HAPPENd_W41,b,question 1,2
HAPPENd_W41,a,question 1,2
HAPPENd_W41,a,question 1,2
HAPPENd_W41,b,question 1,2
HAPPENd_W41,b,question 1,2
HAPPENd_W41,b,question 1,2
HAPPENd_W41,a,question 1,2
HAPPENd_W41,b,question 1,2
HAPPENd_W41,a,question 1,2
HAPPENd_W41,b,question 1,2
HAPPENd_W41,a,question 1,2
HAPPENd_W41,b,question 1,2
HAPPENd_W41,b,question 1,2
HAPPENd_W41,b,question 1,2
HAPPENd_W41,b,question 1,2
HAPPENd_W41,b,question 1,2
HAPPENd_W41,b,question 1,2
HAPPENd_W41,b,question 1,2
HAPPENd_W41,a,question 1,2
HAPPENd_W41,b,question 1,2
HAPPENd_W41,a,question 1,2
HAPPENd_W41,b,question 1,2
HAPPENd_W41,a,question 1,2
HAPPENd_W41,b,question 1,2
HAPPENd_W41,a,question 1,2
HAPPENd_W41,b,question 1,2
HAPPENe_W41,a,question 0,2
HAPPENe_W41,a,question 0,2
HAPPENe_W41,a,question 0,2
HAPPENe_W41,a,question 0,2
HAPPENe_W41,a,question 0,2
HAPPENe_W41,a,question 0,2
HAPPENe_W41,b,question 0,2
HAPPENe_W41,a,question 0,2
HAPPENe_W41,a,question 0,2
HAPPENe_W41,a,question 0,2
HAPPENe_W41,a,question 0,2
HAPPENe_W41,a,question 0,2
HAPPENe_W41,a,question 0,2
HAPPENe_W41,a,question 0,2
HAPPENe_W41,a,question 0,2
HAPPENe_W41,a,question 0,2
HAPPENe_W41,a,question 0,2
HAPPENe_W41,a,question 0,2
HAPPENe_W41,a,question 0,2
HAPPENe_W41,a,question 0,2
HAPPENe_W41,a,question 0,2
HAPPENe_W41,a,question 0,2
HAPPENe_W41,a,question 0,2
HAPPENe_W41,a,question 0,2
HAPPENe_W41,a,question 0,2
HAPPENe_W41,a,question 0,2
HAPPENe_W41,a,question 0,2
HAPPENe_W41,a,question 0,2
HAPPENe_W41,a,question 0,2
HAPPENe_W41,a,question 0,2
HAPPENe_W41,a,question 0,2
HAPPENe_W41,a,question 0,2
HAPPENe_W41,a,question 0,2
HAPPENe_W41,a,question 0,2
HAPPENe_W41,a,question 0,2
HAPPENe_W41,a,question 0,2
HAPPENe_W41,a,question 0,2
HAPPENe_W41,a,question 0,2
HAPPENe_W41,a,question 0,2
HAPPENe_W41,a,question 0,2
HAPPENe_W41,a,question 0,2
HAPPENe_W41,a,question 0,2
HAPPENe_W41,a,question 0,2
HAPPENe_W41,a,question 0,2
HAPPENe_W41,b,question 0,2
HAPPENe_W41,a,question 0,2
HAPPENe_W41,a,question 0,2
HAPPENe_W41,a,question 0,2
HAPPENe_W41,a,question 0,2
HAPPENe_W41,b,question 0,2
HAPPENe_W41,a,question 1,2
HAPPENe_W41,a,question 1,2
HAPPENe_W41,a,question 1,2
HAPPENe_W41,a,question 1,2
HAPPENe_W41,a,question 1,2
HAPPENe_W41,a,question 1,2
HAPPENe_W41,a,question 1,2
HAPPENe_W41,a,question 1,2
HAPPENe_W41,a,question 1,2
HAPPENe_W41,a,question 1,2
HAPPENe_W41,a,question 1,2
HAPPENe_W41,a,question 1,2
HAPPENe_W41,a,question 1,2
HAPPENe_W41,a,question 1,2
HAPPENe_W41,a,question 1,2
HAPPENe_W41,a,question 1,2
HAPPENe_W41,a,question 1,2
HAPPENe_W41,b,question 1,2
HAPPENe_W41,a,question 1,2
HAPPENe_W41,a,question 1,2
HAPPENe_W41,a,question 1,2
HAPPENe_W41,a,question 1,2
HAPPENe_W41,a,question 1,2
HAPPENe_W41,a,question 1,2
HAPPENe_W41,a,question 1,2
HAPPENe_W41,a,question 1,2
HAPPENe_W41,a,question 1,2
HAPPENe_W41,a,question 1,2
HAPPENe_W41,a,question 1,2
HAPPENe_W41,a,question 1,2
HAPPENe_W41,a,question 1,2
HAPPENe_W41,a,question 1,2
HAPPENe_W41,a,question 1,2
HAPPENe_W41,a,question 1,2
HAPPENe_W41,a,question 1,2
HAPPENe_W41,a,question 1,2
HAPPENe_W41,a,question 1,2
HAPPENe_W41,a,question 1,2
HAPPENe_W41,a,question 1,2
HAPPENe_W41,a,question 1,2
HAPPENe_W41,a,question 1,2
HAPPENe_W41,a,question 1,2
HAPPENe_W41,a,question 1,2
HAPPENe_W41,a,question 1,2
HAPPENe_W41,a,question 1,2
HAPPENe_W41,a,question 1,2
HAPPENe_W41,a,question 1,2
HAPPENe_W41,a,question 1,2
HAPPENe_W41,a,question 1,2
HAPPENe_W41,a,question 1,2
HAPPENf_W41,a,question 0,2
HAPPENf_W41,a,question 0,2
HAPPENf_W41,a,question 0,2
HAPPENf_W41,a,question 0,2
HAPPENf_W41,a,question 0,2
HAPPENf_W41,a,question 0,2
HAPPENf_W41,a,question 0,2
HAPPENf_W41,a,question 0,2
HAPPENf_W41,a,question 0,2
HAPPENf_W41,a,question 0,2
HAPPENf_W41,a,question 0,2
HAPPENf_W41,a,question 0,2
HAPPENf_W41,a,question 0,2
HAPPENf_W41,a,question 0,2
HAPPENf_W41,a,question 0,2
HAPPENf_W41,a,question 0,2
HAPPENf_W41,a,question 0,2
HAPPENf_W41,a,question 0,2
HAPPENf_W41,a,question 0,2
HAPPENf_W41,a,question 0,2
HAPPENf_W41,a,question 0,2
HAPPENf_W41,a,question 0,2
HAPPENf_W41,a,question 0,2
HAPPENf_W41,a,question 0,2
HAPPENf_W41,a,question 0,2
HAPPENf_W41,a,question 0,2
HAPPENf_W41,a,question 0,2
HAPPENf_W41,a,question 0,2
HAPPENf_W41,a,question 0,2
HAPPENf_W41,a,question 0,2
HAPPENf_W41,a,question 0,2
HAPPENf_W41,a,question 0,2
HAPPENf_W41,a,question 0,2
HAPPENf_W41,a,question 0,2
HAPPENf_W41,a,question 0,2
HAPPENf_W41,a,question 0,2
HAPPENf_W41,a,question 0,2
HAPPENf_W41,a,question 0,2
HAPPENf_W41,a,question 0,2
HAPPENf_W41,a,question 0,2
HAPPENf_W41,a,question 0,2
HAPPENf_W41,a,question 0,2
HAPPENf_W41,a,question 0,2
HAPPENf_W41,a,question 0,2
HAPPENf_W41,a,question 0,2
HAPPENf_W41,a,question 0,2
HAPPENf_W41,a,question 0,2
HAPPENf_W41,a,question 0,2
HAPPENf_W41,a,question 0,2
HAPPENf_W41,a,question 0,2
HAPPENf_W41,a,question 1,2
HAPPENf_W41,a,question 1,2
HAPPENf_W41,a,question 1,2
HAPPENf_W41,a,question 1,2
HAPPENf_W41,a,question 1,2
HAPPENf_W41,a,question 1,2
HAPPENf_W41,a,question 1,2
HAPPENf_W41,a,question 1,2
HAPPENf_W41,a,question 1,2
HAPPENf_W41,a,question 1,2
HAPPENf_W41,a,question 1,2
HAPPENf_W41,a,question 1,2
HAPPENf_W41,a,question 1,2
HAPPENf_W41,a,question 1,2
HAPPENf_W41,a,question 1,2
HAPPENf_W41,a,question 1,2
HAPPENf_W41,a,question 1,2
HAPPENf_W41,a,question 1,2
HAPPENf_W41,a,question 1,2
HAPPENf_W41,a,question 1,2
HAPPENf_W41,a,question 1,2
HAPPENf_W41,a,question 1,2
HAPPENf_W41,a,question 1,2
HAPPENf_W41,a,question 1,2
HAPPENf_W41,a,question 1,2
HAPPENf_W41,a,question 1,2
HAPPENf_W41,a,question 1,2
HAPPENf_W41,a,question 1,2
HAPPENf_W41,a,question 1,2
HAPPENf_W41,a,question 1,2
HAPPENf_W41,a,question 1,2
HAPPENf_W41,a,question 1,2
HAPPENf_W41,a,question 1,2
HAPPENf_W41,a,question 1,2
HAPPENf_W41,a,question 1,2
HAPPENf_W41,a,question 1,2
HAPPENf_W41,a,question 1,2
HAPPENf_W41,a,question 1,2
HAPPENf_W41,a,question 1,2
HAPPENf_W41,a,question 1,2
HAPPENf_W41,a,question 1,2
HAPPENf_W41,a,question 1,2
HAPPENf_W41,a,question 1,2
HAPPENf_W41,a,question 1,2
HAPPENf_W41,a,question 1,2
HAPPENf_W41,a,question 1,2
HAPPENf_W41,a,question 1,2
HAPPENf_W41,a,question 1,2
HAPPENf_W41,a,question 1,2
HAPPENf_W41,a,question 1,2
HAPPENj_W41,a,question 0,2
HAPPENj_W41,a,question 0,2
HAPPENj_W41,a,question 0,2
HAPPENj_W41,a,question 0,2
HAPPENj_W41,a,question 0,2
HAPPENj_W41,a,question 0,2
HAPPENj_W41,a,question 0,2
HAPPENj_W41,a,question 0,2
HAPPENj_W41,a,question 0,2
HAPPENj_W41,a,question 0,2
HAPPENj_W41,a,question 0,2
HAPPENj_W41,a,question 0,2
HAPPENj_W41,a,question 0,2
HAPPENj_W41,a,question 0,2
HAPPENj_W41,a,question 0,2
HAPPENj_W41,a,question 0,2
HAPPENj_W41,a,question 0,2
HAPPENj_W41,a,question 0,2
HAPPENj_W41,a,question 0,2
HAPPENj_W41,b,question 0,2
HAPPENj_W41,a,question 0,2
HAPPENj_W41,a,question 0,2
HAPPENj_W41,b,question 0,2
HAPPENj_W41,b,question 0,2
HAPPENj_W41,a,question 0,2
HAPPENj_W41,a,question 0,2
HAPPENj_W41,a,question 0,2
HAPPENj_W41,a,question 0,2
HAPPENj_W41,a,question 0,2
HAPPENj_W41,b,question 0,2
HAPPENj_W41,a,question 0,2
HAPPENj_W41,a,question 0,2
HAPPENj_W41,a,question 0,2
HAPPENj_W41,a,question 0,2
HAPPENj_W41,a,question 0,2
HAPPENj_W41,a,question 0,2
HAPPENj_W41,a,question 0,2
HAPPENj_W41,a,question 0,2
HAPPENj_W41,a,question 0,2
HAPPENj_W41,a,question 0,2
HAPPENj_W41,a,question 0,2
HAPPENj_W41,a,question 0,2
HAPPENj_W41,a,question 0,2
HAPPENj_W41,a,question 0,2
HAPPENj_W41,a,question 0,2
HAPPENj_W41,a,question 0,2
HAPPENj_W41,b,question 0,2
HAPPENj_W41,a,question 0,2
HAPPENj_W41,a,question 0,2
HAPPENj_W41,a,question 0,2
HAPPENj_W41,a,question 1,2
HAPPENj_W41,a,question 1,2
HAPPENj_W41,b,question 1,2
HAPPENj_W41,a,question 1,2
HAPPENj_W41,a,question 1,2
HAPPENj_W41,a,question 1,2
HAPPENj_W41,a,question 1,2
HAPPENj_W41,a,question 1,2
HAPPENj_W41,a,question 1,2
HAPPENj_W41,a,question 1,2
HAPPENj_W41,a,question 1,2
HAPPENj_W41,a,question 1,2
HAPPENj_W41,a,question 1,2
HAPPENj_W41,b,question 1,2
HAPPENj_W41,a,question 1,2
HAPPENj_W41,a,question 1,2
HAPPENj_W41,a,question 1,2
HAPPENj_W41,b,question 1,2
HAPPENj_W41,a,question 1,2
HAPPENj_W41,a,question 1,2
HAPPENj_W41,a,question 1,2
HAPPENj_W41,a,question 1,2
HAPPENj_W41,a,question 1,2
HAPPENj_W41,a,question 1,2
HAPPENj_W41,a,question 1,2
HAPPENj_W41,b,question 1,2
HAPPENj_W41,a,question 1,2
HAPPENj_W41,a,question 1,2
HAPPENj_W41,b,question 1,2
HAPPENj_W41,a,question 1,2
HAPPENj_W41,a,question 1,2
HAPPENj_W41,a,question 1,2
HAPPENj_W41,a,question 1,2
HAPPENj_W41,a,question 1,2
HAPPENj_W41,a,question 1,2
HAPPENj_W41,a,question 1,2
HAPPENj_W41,a,question 1,2
HAPPENj_W41,a,question 1,2
HAPPENj_W41,a,question 1,2
HAPPENj_W41,a,question 1,2
HAPPENj_W41,a,question 1,2
HAPPENj_W41,a,question 1,2
HAPPENj_W41,a,question 1,2
HAPPENj_W41,a,question 1,2
HAPPENj_W41,a,question 1,2
HAPPENj_W41,a,question 1,2
HAPPENj_W41,a,question 1,2
HAPPENj_W41,a,question 1,2
HAPPENj_W41,b,question 1,2
HAPPENj_W41,a,question 1,2
AUTOLKLY_W41,a,question 0,4
AUTOLKLY_W41,b,question 0,4
AUTOLKLY_W41,b,question 0,4
AUTOLKLY_W41,b,question 0,4
AUTOLKLY_W41,b,question 0,4
AUTOLKLY_W41,b,question 0,4
AUTOLKLY_W41,b,question 0,4
AUTOLKLY_W41,b,question 0,4
AUTOLKLY_W41,b,question 0,4
AUTOLKLY_W41,b,question 0,4
AUTOLKLY_W41,b,question 0,4
AUTOLKLY_W41,b,question 0,4
AUTOLKLY_W41,b,question 0,4
AUTOLKLY_W41,b,question 0,4
AUTOLKLY_W41,b,question 0,4
AUTOLKLY_W41,b,question 0,4
AUTOLKLY_W41,b,question 0,4
AUTOLKLY_W41,a,question 0,4
AUTOLKLY_W41,b,question 0,4
AUTOLKLY_W41,b,question 0,4
AUTOLKLY_W41,b,question 0,4
AUTOLKLY_W41,b,question 0,4
AUTOLKLY_W41,b,question 0,4
AUTOLKLY_W41,b,question 0,4
AUTOLKLY_W41,b,question 0,4
AUTOLKLY_W41,b,question 0,4
AUTOLKLY_W41,b,question 0,4
AUTOLKLY_W41,b,question 0,4
AUTOLKLY_W41,b,question 0,4
AUTOLKLY_W41,b,question 0,4
AUTOLKLY_W41,b,question 0,4
AUTOLKLY_W41,b,question 0,4
AUTOLKLY_W41,b,question 0,4
AUTOLKLY_W41,b,question 0,4
AUTOLKLY_W41,b,question 0,4
AUTOLKLY_W41,b,question 0,4
AUTOLKLY_W41,b,question 0,4
AUTOLKLY_W41,b,question 0,4
AUTOLKLY_W41,b,question 0,4
AUTOLKLY_W41,b,question 0,4
AUTOLKLY_W41,b,question 0,4
AUTOLKLY_W41,b,question 0,4
AUTOLKLY_W41,b,question 0,4
AUTOLKLY_W41,b,question 0,4
AUTOLKLY_W41,b,question 0,4
AUTOLKLY_W41,b,question 0,4
AUTOLKLY_W41,b,question 0,4
AUTOLKLY_W41,c,question 0,4
AUTOLKLY_W41,b,question 0,4
AUTOLKLY_W41,b,question 0,4
AUTOLKLY_W41,b,question 1,4
AUTOLKLY_W41,a,question 1,4
AUTOLKLY_W41,a,question 1,4
AUTOLKLY_W41,b,question 1,4
AUTOLKLY_W41,b,question 1,4
AUTOLKLY_W41,b,question 1,4
AUTOLKLY_W41,b,question 1,4
AUTOLKLY_W41,a,question 1,4
AUTOLKLY_W41,a,question 1,4
AUTOLKLY_W41,a,question 1,4
AUTOLKLY_W41,b,question 1,4
AUTOLKLY_W41,a,question 1,4
AUTOLKLY_W41,b,question 1,4
AUTOLKLY_W41,a,question 1,4
AUTOLKLY_W41,b,question 1,4
AUTOLKLY_W41,b,question 1,4
AUTOLKLY_W41,a,question 1,4
AUTOLKLY_W41,b,question 1,4
AUTOLKLY_W41,b,question 1,4
AUTOLKLY_W41,a,question 1,4
AUTOLKLY_W41,b,question 1,4
AUTOLKLY_W41,b,question 1,4
AUTOLKLY_W41,b,question 1,4
AUTOLKLY_W41,b,question 1,4
AUTOLKLY_W41,a,question 1,4
AUTOLKLY_W41,b,question 1,4
AUTOLKLY_W41,b,question 1,4
AUTOLKLY_W41,b,question 1,4
AUTOLKLY_W41,b,question 1,4
AUTOLKLY_W41,b,question 1,4
AUTOLKLY_W41,b,question 1,4
AUTOLKLY_W41,b,question 1,4
AUTOLKLY_W41,a,question 1,4
AUTOLKLY_W41,b,question 1,4
AUTOLKLY_W41,a,question 1,4
AUTOLKLY_W41,b,question 1,4
AUTOLKLY_W41,b,question 1,4
AUTOLKLY_W41,b,question 1,4
AUTOLKLY_W41,a,question 1,4
AUTOLKLY_W41,b,question 1,4
AUTOLKLY_W41,a,question 1,4
AUTOLKLY_W41,b,question 1,4
AUTOLKLY_W41,b,question 1,4
AUTOLKLY_W41,b,question 1,4
AUTOLKLY_W41,b,question 1,4
AUTOLKLY_W41,b,question 1,4
AUTOLKLY_W41,b,question 1,4
AUTOLKLY_W41,a,question 1,4
AUTOLKLY_W41,b,question 1,4
AUTOLKLY_W41,b,question 1,4
ROBIMPACTa_W41,a,question 0,2
ROBIMPACTa_W41,a,question 0,2
ROBIMPACTa_W41,a,question 0,2
ROBIMPACTa_W41,a,question 0,2
ROBIMPACTa_W41,a,question 0,2
ROBIMPACTa_W41,a,question 0,2
ROBIMPACTa_W41,a,question 0,2
ROBIMPACTa_W41,a,question 0,2
ROBIMPACTa_W41,a,question 0,2
ROBIMPACTa_W41,a,question 0,2
ROBIMPACTa_W41,a,question 0,2
ROBIMPACTa_W41,a,question 0,2
ROBIMPACTa_W41,a,question 0,2
ROBIMPACTa_W41,a,question 0,2
ROBIMPACTa_W41,a,question 0,2
ROBIMPACTa_W41,a,question 0,2
ROBIMPACTa_W41,a,question 0,2
ROBIMPACTa_W41,a,question 0,2
ROBIMPACTa_W41,a,question 0,2
ROBIMPACTa_W41,a,question 0,2
ROBIMPACTa_W41,a,question 0,2
ROBIMPACTa_W41,a,question 0,2
ROBIMPACTa_W41,a,question 0,2
ROBIMPACTa_W41,a,question 0,2
ROBIMPACTa_W41,a,question 0,2
ROBIMPACTa_W41,a,question 0,2
ROBIMPACTa_W41,a,question 0,2
ROBIMPACTa_W41,a,question 0,2
ROBIMPACTa_W41,a,question 0,2
ROBIMPACTa_W41,a,question 0,2
ROBIMPACTa_W41,a,question 0,2
ROBIMPACTa_W41,a,question 0,2
ROBIMPACTa_W41,a,question 0,2
ROBIMPACTa_W41,a,question 0,2
ROBIMPACTa_W41,a,question 0,2
ROBIMPACTa_W41,a,question 0,2
ROBIMPACTa_W41,a,question 0,2
ROBIMPACTa_W41,a,question 0,2
ROBIMPACTa_W41,a,question 0,2
ROBIMPACTa_W41,a,question 0,2
ROBIMPACTa_W41,a,question 0,2
ROBIMPACTa_W41,a,question 0,2
ROBIMPACTa_W41,a,question 0,2
ROBIMPACTa_W41,a,question 0,2
ROBIMPACTa_W41,a,question 0,2
ROBIMPACTa_W41,a,question 0,2
ROBIMPACTa_W41,a,question 0,2
ROBIMPACTa_W41,a,question 0,2
ROBIMPACTa_W41,a,question 0,2
ROBIMPACTa_W41,a,question 0,2
ROBIMPACTa_W41,a,question 1,2
ROBIMPACTa_W41,a,question 1,2
ROBIMPACTa_W41,a,question 1,2
ROBIMPACTa_W41,a,question 1,2
ROBIMPACTa_W41,a,question 1,2
ROBIMPACTa_W41,a,question 1,2
ROBIMPACTa_W41,a,question 1,2
ROBIMPACTa_W41,a,question 1,2
ROBIMPACTa_W41,a,question 1,2
ROBIMPACTa_W41,a,question 1,2
ROBIMPACTa_W41,a,question 1,2
ROBIMPACTa_W41,a,question 1,2
ROBIMPACTa_W41,a,question 1,2
ROBIMPACTa_W41,a,question 1,2
ROBIMPACTa_W41,a,question 1,2
ROBIMPACTa_W41,a,question 1,2
ROBIMPACTa_W41,a,question 1,2
ROBIMPACTa_W41,a,question 1,2
ROBIMPACTa_W41,a,question 1,2
ROBIMPACTa_W41,a,question 1,2
ROBIMPACTa_W41,a,question 1,2
ROBIMPACTa_W41,a,question 1,2
ROBIMPACTa_W41,a,question 1,2
ROBIMPACTa_W41,a,question 1,2
ROBIMPACTa_W41,a,question 1,2
ROBIMPACTa_W41,a,question 1,2
ROBIMPACTa_W41,a,question 1,2
ROBIMPACTa_W41,a,question 1,2
ROBIMPACTa_W41,a,question 1,2
ROBIMPACTa_W41,a,question 1,2
ROBIMPACTa_W41,a,question 1,2
ROBIMPACTa_W41,a,question 1,2
ROBIMPACTa_W41,a,question 1,2
ROBIMPACTa_W41,a,question 1,2
ROBIMPACTa_W41,a,question 1,2
ROBIMPACTa_W41,a,question 1,2
ROBIMPACTa_W41,a,question 1,2
ROBIMPACTa_W41,a,question 1,2
ROBIMPACTa_W41,a,question 1,2
ROBIMPACTa_W41,a,question 1,2
ROBIMPACTa_W41,a,question 1,2
ROBIMPACTa_W41,a,question 1,2
ROBIMPACTa_W41,a,question 1,2
ROBIMPACTa_W41,a,question 1,2
ROBIMPACTa_W41,a,question 1,2
ROBIMPACTa_W41,a,question 1,2
ROBIMPACTa_W41,a,question 1,2
ROBIMPACTa_W41,a,question 1,2
ROBIMPACTa_W41,a,question 1,2
ROBIMPACTa_W41,a,question 1,2
GAP21Q2_W82,a,question 0,2
GAP21Q2_W82,b,question 0,2
GAP21Q2_W82,a,question 0,2
GAP21Q2_W82,a,question 0,2
GAP21Q2_W82,a,question 0,2
GAP21Q2_W82,a,question 0,2
GAP21Q2_W82,a,question 0,2
GAP21Q2_W82,a,question 0,2
GAP21Q2_W82,a,question 0,2
GAP21Q2_W82,a,question 0,2
GAP21Q2_W82,a,question 0,2
GAP21Q2_W82,a,question 0,2
GAP21Q2_W82,a,question 0,2
GAP21Q2_W82,a,question 0,2
GAP21Q2_W82,a,question 0,2
GAP21Q2_W82,a,question 0,2
GAP21Q2_W82,a,question 0,2
GAP21Q2_W82,a,question 0,2
GAP21Q2_W82,b,question 0,2
GAP21Q2_W82,a,question 0,2
GAP21Q2_W82,a,question 0,2
GAP21Q2_W82,a,question 0,2
GAP21Q2_W82,a,question 0,2
GAP21Q2_W82,a,question 0,2
GAP21Q2_W82,a,question 0,2
GAP21Q2_W82,a,question 0,2
GAP21Q2_W82,a,question 0,2
GAP21Q2_W82,a,question 0,2
GAP21Q2_W82,b,question 0,2
GAP21Q2_W82,a,question 0,2
GAP21Q2_W82,a,question 0,2
GAP21Q2_W82,a,question 0,2
GAP21Q2_W82,a,question 0,2
GAP21Q2_W82,a,question 0,2
GAP21Q2_W82,b,question 0,2
GAP21Q2_W82,a,question 0,2
GAP21Q2_W82,a,question 0,2
GAP21Q2_W82,a,question 0,2
GAP21Q2_W82,a,question 0,2
GAP21Q2_W82,a,question 0,2
GAP21Q2_W82,a,question 0,2
GAP21Q2_W82,a,question 0,2
GAP21Q2_W82,a,question 0,2
GAP21Q2_W82,a,question 0,2
GAP21Q2_W82,b,question 0,2
GAP21Q2_W82,a,question 0,2
GAP21Q2_W82,a,question 0,2
GAP21Q2_W82,a,question 0,2
GAP21Q2_W82,a,question 0,2
GAP21Q2_W82,b,question 0,2
GAP21Q2_W82,a,question 1,2
GAP21Q2_W82,a,question 1,2
GAP21Q2_W82,a,question 1,2
GAP21Q2_W82,a,question 1,2
GAP21Q2_W82,a,question 1,2
GAP21Q2_W82,a,question 1,2
GAP21Q2_W82,a,question 1,2
GAP21Q2_W82,a,question 1,2
GAP21Q2_W82,b,question 1,2
GAP21Q2_W82,a,question 1,2
GAP21Q2_W82,a,question 1,2
GAP21Q2_W82,a,question 1,2
GAP21Q2_W82,a,question 1,2
GAP21Q2_W82,a,question 1,2
GAP21Q2_W82,a,question 1,2
GAP21Q2_W82,a,question 1,2
GAP21Q2_W82,a,question 1,2
GAP21Q2_W82,b,question 1,2
GAP21Q2_W82,a,question 1,2
GAP21Q2_W82,a,question 1,2
GAP21Q2_W82,a,question 1,2
GAP21Q2_W82,a,question 1,2
GAP21Q2_W82,a,question 1,2
GAP21Q2_W82,a,question 1,2
GAP21Q2_W82,a,question 1,2
GAP21Q2_W82,a,question 1,2
GAP21Q2_W82,a,question 1,2
GAP21Q2_W82,a,question 1,2
GAP21Q2_W82,a,question 1,2
GAP21Q2_W82,a,question 1,2
GAP21Q2_W82,a,question 1,2
GAP21Q2_W82,a,question 1,2
GAP21Q2_W82,a,question 1,2
GAP21Q2_W82,a,question 1,2
GAP21Q2_W82,a,question 1,2
GAP21Q2_W82,a,question 1,2
GAP21Q2_W82,a,question 1,2
GAP21Q2_W82,a,question 1,2
GAP21Q2_W82,a,question 1,2
GAP21Q2_W82,a,question 1,2
GAP21Q2_W82,a,question 1,2
GAP21Q2_W82,a,question 1,2
GAP21Q2_W82,a,question 1,2
GAP21Q2_W82,a,question 1,2
GAP21Q2_W82,a,question 1,2
GAP21Q2_W82,b,question 1,2
GAP21Q2_W82,a,question 1,2
GAP21Q2_W82,b,question 1,2
GAP21Q2_W82,a,question 1,2
GAP21Q2_W82,b,question 1,2
GAP21Q12_W82,c,question 0,4
GAP21Q12_W82,c,question 0,4
GAP21Q12_W82,c,question 0,4
GAP21Q12_W82,b,question 0,4
GAP21Q12_W82,c,question 0,4
GAP21Q12_W82,c,question 0,4
GAP21Q12_W82,c,question 0,4
GAP21Q12_W82,c,question 0,4
GAP21Q12_W82,c,question 0,4
GAP21Q12_W82,c,question 0,4
GAP21Q12_W82,c,question 0,4
GAP21Q12_W82,c,question 0,4
GAP21Q12_W82,c,question 0,4
GAP21Q12_W82,c,question 0,4
GAP21Q12_W82,c,question 0,4
GAP21Q12_W82,c,question 0,4
GAP21Q12_W82,c,question 0,4
GAP21Q12_W82,c,question 0,4
GAP21Q12_W82,c,question 0,4
GAP21Q12_W82,c,question 0,4
GAP21Q12_W82,c,question 0,4
GAP21Q12_W82,c,question 0,4
GAP21Q12_W82,b,question 0,4
GAP21Q12_W82,c,question 0,4
GAP21Q12_W82,c,question 0,4
GAP21Q12_W82,c,question 0,4
GAP21Q12_W82,c,question 0,4
GAP21Q12_W82,b,question 0,4
GAP21Q12_W82,a,question 0,4
GAP21Q12_W82,c,question 0,4
GAP21Q12_W82,c,question 0,4
GAP21Q12_W82,c,question 0,4
GAP21Q12_W82,c,question 0,4
GAP21Q12_W82,c,question 0,4
GAP21Q12_W82,c,question 0,4
GAP21Q12_W82,c,question 0,4
GAP21Q12_W82,c,question 0,4
GAP21Q12_W82,c,question 0,4
GAP21Q12_W82,c,question 0,4
GAP21Q12_W82,b,question 0,4
GAP21Q12_W82,c,question 0,4
GAP21Q12_W82,c,question 0,4
GAP21Q12_W82,c,question 0,4
GAP21Q12_W82,b,question 0,4
GAP21Q12_W82,b,question 0,4
GAP21Q12_W82,c,question 0,4
GAP21Q12_W82,c,question 0,4
GAP21Q12_W82,c,question 0,4
GAP21Q12_W82,c,question 0,4
GAP21Q12_W82,c,question 0,4
GAP21Q12_W82,b,question 1,4
GAP21Q12_W82,a,question 1,4
GAP21Q12_W82,b,question 1,4
GAP21Q12_W82,c,question 1,4
GAP21Q12_W82,a,question 1,4
GAP21Q12_W82,b,question 1,4
GAP21Q12_W82,b,question 1,4
GAP21Q12_W82,b,question 1,4
GAP21Q12_W82,b,question 1,4
GAP21Q12_W82,b,question 1,4
GAP21Q12_W82,a,question 1,4
GAP21Q12_W82,c,question 1,4
GAP21Q12_W82,c,question 1,4
GAP21Q12_W82,b,question 1,4
GAP21Q12_W82,b,question 1,4
GAP21Q12_W82,c,question 1,4
GAP21Q12_W82,c,question 1,4
GAP21Q12_W82,b,question 1,4
GAP21Q12_W82,a,question 1,4
GAP21Q12_W82,b,question 1,4
GAP21Q12_W82,c,question 1,4
GAP21Q12_W82,a,question 1,4
GAP21Q12_W82,b,question 1,4
GAP21Q12_W82,b,question 1,4
GAP21Q12_W82,a,question 1,4
GAP21Q12_W82,a,question 1,4
GAP21Q12_W82,b,question 1,4
GAP21Q12_W82,b,question 1,4
GAP21Q12_W82,b,question 1,4
GAP21Q12_W82,b,question 1,4
GAP21Q12_W82,b,question 1,4
GAP21Q12_W82,c,question 1,4
GAP21Q12_W82,b,question 1,4
GAP21Q12_W82,b,question 1,4
GAP21Q12_W82,c,question 1,4
GAP21Q12_W82,b,question 1,4
GAP21Q12_W82,b,question 1,4
GAP21Q12_W82,b,question 1,4
GAP21Q12_W82,b,question 1,4
GAP21Q12_W82,b,question 1,4
GAP21Q12_W82,b,question 1,4
GAP21Q12_W82,b,question 1,4
GAP21Q12_W82,b,question 1,4
GAP21Q12_W82,c,question 1,4
GAP21Q12_W82,b,question 1,4
GAP21Q12_W82,b,question 1,4
GAP21Q12_W82,b,question 1,4
GAP21Q12_W82,b,question 1,4
GAP21Q12_W82,b,question 1,4
GAP21Q12_W82,b,question 1,4
GAP21Q25_W82,b,question 0,4
GAP21Q25_W82,a,question 0,4
GAP21Q25_W82,a,question 0,4
GAP21Q25_W82,a,question 0,4
GAP21Q25_W82,b,question 0,4
GAP21Q25_W82,a,question 0,4
GAP21Q25_W82,a,question 0,4
GAP21Q25_W82,a,question 0,4
GAP21Q25_W82,a,question 0,4
GAP21Q25_W82,b,question 0,4
GAP21Q25_W82,b,question 0,4
GAP21Q25_W82,a,question 0,4
GAP21Q25_W82,a,question 0,4
GAP21Q25_W82,a,question 0,4
GAP21Q25_W82,a,question 0,4
GAP21Q25_W82,a,question 0,4
GAP21Q25_W82,a,question 0,4
GAP21Q25_W82,a,question 0,4
GAP21Q25_W82,a,question 0,4
GAP21Q25_W82,a,question 0,4
GAP21Q25_W82,a,question 0,4
GAP21Q25_W82,b,question 0,4
GAP21Q25_W82,a,question 0,4
GAP21Q25_W82,a,question 0,4
GAP21Q25_W82,a,question 0,4
GAP21Q25_W82,a,question 0,4
GAP21Q25_W82,a,question 0,4
GAP21Q25_W82,a,question 0,4
GAP21Q25_W82,a,question 0,4
GAP21Q25_W82,a,question 0,4
GAP21Q25_W82,a,question 0,4
GAP21Q25_W82,a,question 0,4
GAP21Q25_W82,a,question 0,4
GAP21Q25_W82,b,question 0,4
GAP21Q25_W82,a,question 0,4
GAP21Q25_W82,a,question 0,4
GAP21Q25_W82,a,question 0,4
GAP21Q25_W82,a,question 0,4
GAP21Q25_W82,a,question 0,4
GAP21Q25_W82,b,question 0,4
GAP21Q25_W82,a,question 0,4
GAP21Q25_W82,a,question 0,4
GAP21Q25_W82,a,question 0,4
GAP21Q25_W82,a,question 0,4
GAP21Q25_W82,a,question 0,4
GAP21Q25_W82,a,question 0,4
GAP21Q25_W82,b,question 0,4
GAP21Q25_W82,a,question 0,4
GAP21Q25_W82,a,question 0,4
GAP21Q25_W82,a,question 0,4
GAP21Q25_W82,a,question 1,4
GAP21Q25_W82,a,question 1,4
GAP21Q25_W82,a,question 1,4
GAP21Q25_W82,a,question 1,4
GAP21Q25_W82,a,question 1,4
GAP21Q25_W82,a,question 1,4
GAP21Q25_W82,a,question 1,4
GAP21Q25_W82,a,question 1,4
GAP21Q25_W82,a,question 1,4
GAP21Q25_W82,a,question 1,4
GAP21Q25_W82,a,question 1,4
GAP21Q25_W82,a,question 1,4
GAP21Q25_W82,a,question 1,4
GAP21Q25_W82,a,question 1,4
GAP21Q25_W82,a,question 1,4
GAP21Q25_W82,a,question 1,4
GAP21Q25_W82,a,question 1,4
GAP21Q25_W82,a,question 1,4
GAP21Q25_W82,a,question 1,4
GAP21Q25_W82,a,question 1,4
GAP21Q25_W82,a,question 1,4
GAP21Q25_W82,a,question 1,4
GAP21Q25_W82,a,question 1,4
GAP21Q25_W82,a,question 1,4
GAP21Q25_W82,a,question 1,4
GAP21Q25_W82,a,question 1,4
GAP21Q25_W82,a,question 1,4
GAP21Q25_W82,b,question 1,4
GAP21Q25_W82,b,question 1,4
GAP21Q25_W82,a,question 1,4
GAP21Q25_W82,b,question 1,4
GAP21Q25_W82,a,question 1,4
GAP21Q25_W82,b,question 1,4
GAP21Q25_W82,a,question 1,4
GAP21Q25_W82,a,question 1,4
GAP21Q25_W82,a,question 1,4
GAP21Q25_W82,a,question 1,4
GAP21Q25_W82,a,question 1,4
GAP21Q25_W82,b,question 1,4
GAP21Q25_W82,a,question 1,4
GAP21Q25_W82,a,question 1,4
GAP21Q25_W82,a,question 1,4
GAP21Q25_W82,b,question 1,4
GAP21Q25_W82,a,question 1,4
GAP21Q25_W82,a,question 1,4
GAP21Q25_W82,a,question 1,4
GAP21Q25_W82,a,question 1,4
GAP21Q25_W82,a,question 1,4
GAP21Q25_W82,a,question 1,4
GAP21Q25_W82,a,question 1,4
GAP21Q47_W82,c,question 0,4
GAP21Q47_W82,c,question 0,4
GAP21Q47_W82,c,question 0,4
GAP21Q47_W82,c,question 0,4
GAP21Q47_W82,c,question 0,4
GAP21Q47_W82,c,question 0,4
GAP21Q47_W82,c,question 0,4
GAP21Q47_W82,c,question 0,4
GAP21Q47_W82,c,question 0,4
GAP21Q47_W82,c,question 0,4
GAP21Q47_W82,c,question 0,4
GAP21Q47_W82,c,question 0,4
GAP21Q47_W82,c,question 0,4
GAP21Q47_W82,c,question 0,4
GAP21Q47_W82,c,question 0,4
GAP21Q47_W82,c,question 0,4
GAP21Q47_W82,c,question 0,4
GAP21Q47_W82,c,question 0,4
GAP21Q47_W82,c,question 0,4
GAP21Q47_W82,c,question 0,4
GAP21Q47_W82,c,question 0,4
GAP21Q47_W82,c,question 0,4
GAP21Q47_W82,d,question 0,4
GAP21Q47_W82,c,question 0,4
GAP21Q47_W82,c,question 0,4
GAP21Q47_W82,c,question 0,4
GAP21Q47_W82,c,question 0,4
GAP21Q47_W82,c,question 0,4
GAP21Q47_W82,c,question 0,4
GAP21Q47_W82,c,question 0,4
GAP21Q47_W82,c,question 0,4
GAP21Q47_W82,c,question 0,4
GAP21Q47_W82,c,question 0,4
GAP21Q47_W82,c,question 0,4
GAP21Q47_W82,c,question 0,4
GAP21Q47_W82,c,question 0,4
GAP21Q47_W82,c,question 0,4
GAP21Q47_W82,c,question 0,4
GAP21Q47_W82,c,question 0,4
GAP21Q47_W82,c,question 0,4
GAP21Q47_W82,c,question 0,4
GAP21Q47_W82,c,question 0,4
GAP21Q47_W82,c,question 0,4
GAP21Q47_W82,c,question 0,4
GAP21Q47_W82,c,question 0,4
GAP21Q47_W82,c,question 0,4
GAP21Q47_W82,c,question 0,4
GAP21Q47_W82,c,question 0,4
GAP21Q47_W82,c,question 0,4
GAP21Q47_W82,c,question 0,4
GAP21Q47_W82,c,question 1,4
GAP21Q47_W82,c,question 1,4
GAP21Q47_W82,c,question 1,4
GAP21Q47_W82,c,question 1,4
GAP21Q47_W82,c,question 1,4
GAP21Q47_W82,c,question 1,4
GAP21Q47_W82,c,question 1,4
GAP21Q47_W82,c,question 1,4
GAP21Q47_W82,c,question 1,4
GAP21Q47_W82,c,question 1,4
GAP21Q47_W82,c,question 1,4
GAP21Q47_W82,c,question 1,4
GAP21Q47_W82,c,question 1,4
GAP21Q47_W82,c,question 1,4
GAP21Q47_W82,c,question 1,4
GAP21Q47_W82,c,question 1,4
GAP21Q47_W82,c,question 1,4
GAP21Q47_W82,c,question 1,4
GAP21Q47_W82,c,question 1,4
GAP21Q47_W82,c,question 1,4
GAP21Q47_W82,c,question 1,4
GAP21Q47_W82,c,question 1,4
GAP21Q47_W82,c,question 1,4
GAP21Q47_W82,c,question 1,4
GAP21Q47_W82,c,question 1,4
GAP21Q47_W82,c,question 1,4
GAP21Q47_W82,c,question 1,4
GAP21Q47_W82,c,question 1,4
GAP21Q47_W82,c,question 1,4
GAP21Q47_W82,c,question 1,4
GAP21Q47_W82,c,question 1,4
GAP21Q47_W82,c,question 1,4
GAP21Q47_W82,c,question 1,4
GAP21Q47_W82,c,question 1,4
GAP21Q47_W82,c,question 1,4
GAP21Q47_W82,c,question 1,4
GAP21Q47_W82,c,question 1,4
GAP21Q47_W82,c,question 1,4
GAP21Q47_W82,c,question 1,4
GAP21Q47_W82,c,question 1,4
GAP21Q47_W82,c,question 1,4
GAP21Q47_W82,c,question 1,4
GAP21Q47_W82,c,question 1,4
GAP21Q47_W82,c,question 1,4
GAP21Q47_W82,c,question 1,4
GAP21Q47_W82,c,question 1,4
GAP21Q47_W82,c,question 1,4
GAP21Q47_W82,c,question 1,4
GAP21Q47_W82,c,question 1,4
GAP21Q47_W82,c,question 1,4
SC1_W42,a,question 0,3
SC1_W42,c,question 0,3
SC1_W42,a,question 0,3
SC1_W42,c,question 0,3
SC1_W42,c,question 0,3
SC1_W42,c,question 0,3
SC1_W42,a,question 0,3
SC1_W42,a,question 0,3
SC1_W42,c,question 0,3
SC1_W42,c,question 0,3
SC1_W42,a,question 0,3
SC1_W42,c,question 0,3
SC1_W42,a,question 0,3
SC1_W42,c,question 0,3
SC1_W42,a,question 0,3
SC1_W42,c,question 0,3
SC1_W42,c,question 0,3
SC1_W42,a,question 0,3
SC1_W42,a,question 0,3
SC1_W42,c,question 0,3
SC1_W42,c,question 0,3
SC1_W42,c,question 0,3
SC1_W42,c,question 0,3
SC1_W42,a,question 0,3
SC1_W42,c,question 0,3
SC1_W42,c,question 0,3
SC1_W42,c,question 0,3
SC1_W42,c,question 0,3
SC1_W42,a,question 0,3
SC1_W42,c,question 0,3
SC1_W42,c,question 0,3
SC1_W42,a,question 0,3
SC1_W42,a,question 0,3
SC1_W42,c,question 0,3
SC1_W42,c,question 0,3
SC1_W42,a,question 0,3
SC1_W42,c,question 0,3
SC1_W42,a,question 0,3
SC1_W42,c,question 0,3
SC1_W42,c,question 0,3
SC1_W42,c,question 0,3
SC1_W42,c,question 0,3
SC1_W42,c,question 0,3
SC1_W42,c,question 0,3
SC1_W42,c,question 0,3
SC1_W42,c,question 0,3
SC1_W42,c,question 0,3
SC1_W42,c,question 0,3
SC1_W42,a,question 0,3
SC1_W42,c,question 0,3
SC1_W42,c,question 1,3
SC1_W42,c,question 1,3
SC1_W42,c,question 1,3
SC1_W42,a,question 1,3
SC1_W42,c,question 1,3
SC1_W42,c,question 1,3
SC1_W42,c,question 1,3
SC1_W42,a,question 1,3
SC1_W42,a,question 1,3
SC1_W42,a,question 1,3
SC1_W42,c,question 1,3
SC1_W42,c,question 1,3
SC1_W42,c,question 1,3
SC1_W42,c,question 1,3
SC1_W42,c,question 1,3
SC1_W42,c,question 1,3
SC1_W42,c,question 1,3
SC1_W42,c,question 1,3
SC1_W42,c,question 1,3
SC1_W42,c,question 1,3
SC1_W42,c,question 1,3
SC1_W42,c,question 1,3
SC1_W42,c,question 1,3
SC1_W42,c,question 1,3
SC1_W42,a,question 1,3
SC1_W42,c,question 1,3
SC1_W42,c,question 1,3
SC1_W42,a,question 1,3
SC1_W42,c,question 1,3
SC1_W42,c,question 1,3
SC1_W42,c,question 1,3
SC1_W42,c,question 1,3
SC1_W42,c,question 1,3
SC1_W42,c,question 1,3
SC1_W42,c,question 1,3
SC1_W42,c,question 1,3
SC1_W42,c,question 1,3
SC1_W42,c,question 1,3
SC1_W42,c,question 1,3
SC1_W42,c,question 1,3
SC1_W42,c,question 1,3
SC1_W42,c,question 1,3
SC1_W42,c,question 1,3
SC1_W42,c,question 1,3
SC1_W42,c,question 1,3
SC1_W42,a,question 1,3
SC1_W42,c,question 1,3
SC1_W42,c,question 1,3
SC1_W42,c,question 1,3
SC1_W42,c,question 1,3
RACESURV13_W43,b,question 0,4
RACESURV13_W43,b,question 0,4
RACESURV13_W43,b,question 0,4
RACESURV13_W43,a,question 0,4
RACESURV13_W43,b,question 0,4
RACESURV13_W43,b,question 0,4
RACESURV13_W43,b,question 0,4
RACESURV13_W43,b,question 0,4
RACESURV13_W43,b,question 0,4
RACESURV13_W43,b,question 0,4
RACESURV13_W43,b,question 0,4
RACESURV13_W43,b,question 0,4
RACESURV13_W43,b,question 0,4
RACESURV13_W43,a,question 0,4
RACESURV13_W43,b,question 0,4
RACESURV13_W43,b,question 0,4
RACESURV13_W43,b,question 0,4
RACESURV13_W43,b,question 0,4
RACESURV13_W43,b,question 0,4
RACESURV13_W43,b,question 0,4
RACESURV13_W43,b,question 0,4
RACESURV13_W43,b,question 0,4
RACESURV13_W43,b,question 0,4
RACESURV13_W43,b,question 0,4
RACESURV13_W43,b,question 0,4
RACESURV13_W43,b,question 0,4
RACESURV13_W43,b,question 0,4
RACESURV13_W43,b,question 0,4
RACESURV13_W43,b,question 0,4
RACESURV13_W43,b,question 0,4
RACESURV13_W43,b,question 0,4
RACESURV13_W43,b,question 0,4
RACESURV13_W43,b,question 0,4
RACESURV13_W43,b,question 0,4
RACESURV13_W43,b,question 0,4
RACESURV13_W43,a,question 0,4
RACESURV13_W43,b,question 0,4
RACESURV13_W43,b,question 0,4
RACESURV13_W43,b,question 0,4
RACESURV13_W43,b,question 0,4
RACESURV13_W43,b,question 0,4
RACESURV13_W43,b,question 0,4
RACESURV13_W43,a,question 0,4
RACESURV13_W43,b,question 0,4
RACESURV13_W43,b,question 0,4
RACESURV13_W43,b,question 0,4
RACESURV13_W43,b,question 0,4
RACESURV13_W43,b,question 0,4
RACESURV13_W43,b,question 0,4
RACESURV13_W43,b,question 0,4
RACESURV13_W43,a,question 1,4
RACESURV13_W43,a,question 1,4
RACESURV13_W43,a,question 1,4
RACESURV13_W43,a,question 1,4
RACESURV13_W43,a,question 1,4
RACESURV13_W43,a,question 1,4
RACESURV13_W43,a,question 1,4
RACESURV13_W43,a,question 1,4
RACESURV13_W43,a,question 1,4
RACESURV13_W43,a,question 1,4
RACESURV13_W43,a,question 1,4
RACESURV13_W43,a,question 1,4
RACESURV13_W43,a,question 1,4
RACESURV13_W43,a,question 1,4
RACESURV13_W43,a,question 1,4
RACESURV13_W43,a,question 1,4
RACESURV13_W43,c,question 1,4
RACESURV13_W43,a,question 1,4
RACESURV13_W43,a,question 1,4
RACESURV13_W43,a,question 1,4
RACESURV13_W43,a,question 1,4
RACESURV13_W43,a,question 1,4
RACESURV13_W43,a,question 1,4
RACESURV13_W43,a,question 1,4
RACESURV13_W43,a,question 1,4
RACESURV13_W43,a,question 1,4
RACESURV13_W43,a,question 1,4
RACESURV13_W43,a,question 1,4
RACESURV13_W43,a,question 1,4
RACESURV13_W43,a,question 1,4
RACESURV13_W43,a,question 1,4
RACESURV13_W43,a,question 1,4
RACESURV13_W43,a,question 1,4
RACESURV13_W43,a,question 1,4
RACESURV13_W43,a,question 1,4
RACESURV13_W43,a,question 1,4
RACESURV13_W43,a,question 1,4
RACESURV13_W43,a,question 1,4
RACESURV13_W43,a,question 1,4
RACESURV13_W43,a,question 1,4
RACESURV13_W43,a,question 1,4
RACESURV13_W43,a,question 1,4
RACESURV13_W43,a,question 1,4
RACESURV13_W43,a,question 1,4
RACESURV13_W43,a,question 1,4
RACESURV13_W43,a,question 1,4
RACESURV13_W43,a,question 1,4
RACESURV13_W43,a,question 1,4
RACESURV13_W43,a,question 1,4
RACESURV13_W43,a,question 1,4
MADEUPTOPICa_W45,b,question 0,4
MADEUPTOPICa_W45,a,question 0,4
MADEUPTOPICa_W45,a,question 0,4
MADEUPTOPICa_W45,a,question 0,4
MADEUPTOPICa_W45,a,question 0,4
MADEUPTOPICa_W45,a,question 0,4
MADEUPTOPICa_W45,a,question 0,4
MADEUPTOPICa_W45,a,question 0,4
MADEUPTOPICa_W45,a,question 0,4
MADEUPTOPICa_W45,a,question 0,4
MADEUPTOPICa_W45,a,question 0,4
MADEUPTOPICa_W45,a,question 0,4
MADEUPTOPICa_W45,a,question 0,4
MADEUPTOPICa_W45,a,question 0,4
MADEUPTOPICa_W45,a,question 0,4
MADEUPTOPICa_W45,b,question 0,4
MADEUPTOPICa_W45,a,question 0,4
MADEUPTOPICa_W45,c,question 0,4
MADEUPTOPICa_W45,a,question 0,4
MADEUPTOPICa_W45,a,question 0,4
MADEUPTOPICa_W45,a,question 0,4
MADEUPTOPICa_W45,a,question 0,4
MADEUPTOPICa_W45,a,question 0,4
MADEUPTOPICa_W45,b,question 0,4
MADEUPTOPICa_W45,a,question 0,4
MADEUPTOPICa_W45,a,question 0,4
MADEUPTOPICa_W45,a,question 0,4
MADEUPTOPICa_W45,a,question 0,4
MADEUPTOPICa_W45,b,question 0,4
MADEUPTOPICa_W45,a,question 0,4
MADEUPTOPICa_W45,a,question 0,4
MADEUPTOPICa_W45,a,question 0,4
MADEUPTOPICa_W45,a,question 0,4
MADEUPTOPICa_W45,c,question 0,4
MADEUPTOPICa_W45,b,question 0,4
MADEUPTOPICa_W45,a,question 0,4
MADEUPTOPICa_W45,a,question 0,4
MADEUPTOPICa_W45,a,question 0,4
MADEUPTOPICa_W45,a,question 0,4
MADEUPTOPICa_W45,a,question 0,4
MADEUPTOPICa_W45,a,question 0,4
MADEUPTOPICa_W45,a,question 0,4
MADEUPTOPICa_W45,a,question 0,4
MADEUPTOPICa_W45,a,question 0,4
MADEUPTOPICa_W45,a,question 0,4
MADEUPTOPICa_W45,b,question 0,4
MADEUPTOPICa_W45,b,question 0,4
MADEUPTOPICa_W45,b,question 0,4
MADEUPTOPICa_W45,a,question 0,4
MADEUPTOPICa_W45,a,question 0,4
MADEUPTOPICa_W45,a,question 1,4
MADEUPTOPICa_W45,a,question 1,4
MADEUPTOPICa_W45,a,question 1,4
MADEUPTOPICa_W45,a,question 1,4
MADEUPTOPICa_W45,a,question 1,4
MADEUPTOPICa_W45,a,question 1,4
MADEUPTOPICa_W45,a,question 1,4
MADEUPTOPICa_W45,a,question 1,4
MADEUPTOPICa_W45,a,question 1,4
MADEUPTOPICa_W45,a,question 1,4
MADEUPTOPICa_W45,a,question 1,4
MADEUPTOPICa_W45,a,question 1,4
MADEUPTOPICa_W45,a,question 1,4
MADEUPTOPICa_W45,b,question 1,4
MADEUPTOPICa_W45,a,question 1,4
MADEUPTOPICa_W45,a,question 1,4
MADEUPTOPICa_W45,a,question 1,4
MADEUPTOPICa_W45,a,question 1,4
MADEUPTOPICa_W45,a,question 1,4
MADEUPTOPICa_W45,b,question 1,4
MADEUPTOPICa_W45,a,question 1,4
MADEUPTOPICa_W45,a,question 1,4
MADEUPTOPICa_W45,a,question 1,4
MADEUPTOPICa_W45,a,question 1,4
MADEUPTOPICa_W45,a,question 1,4
MADEUPTOPICa_W45,a,question 1,4
MADEUPTOPICa_W45,a,question 1,4
MADEUPTOPICa_W45,a,question 1,4
MADEUPTOPICa_W45,a,question 1,4
MADEUPTOPICa_W45,a,question 1,4
MADEUPTOPICa_W45,a,question 1,4
MADEUPTOPICa_W45,a,question 1,4
MADEUPTOPICa_W45,a,question 1,4
MADEUPTOPICa_W45,a,question 1,4
MADEUPTOPICa_W45,a,question 1,4
MADEUPTOPICa_W45,a,question 1,4
MADEUPTOPICa_W45,a,question 1,4
MADEUPTOPICa_W45,a,question 1,4
MADEUPTOPICa_W45,a,question 1,4
MADEUPTOPICa_W45,a,question 1,4
MADEUPTOPICa_W45,a,question 1,4
MADEUPTOPICa_W45,a,question 1,4
MADEUPTOPICa_W45,a,question 1,4
MADEUPTOPICa_W45,a,question 1,4
MADEUPTOPICa_W45,a,question 1,4
MADEUPTOPICa_W45,a,question 1,4
MADEUPTOPICa_W45,a,question 1,4
MADEUPTOPICa_W45,a,question 1,4
MADEUPTOPICa_W45,a,question 1,4
MADEUPTOPICa_W45,a,question 1,4
IMPROVE2_W36,b,question 0,4
IMPROVE2_W36,b,question 0,4
IMPROVE2_W36,b,question 0,4
IMPROVE2_W36,b,question 0,4
IMPROVE2_W36,b,question 0,4
IMPROVE2_W36,b,question 0,4
IMPROVE2_W36,b,question 0,4
IMPROVE2_W36,b,question 0,4
IMPROVE2_W36,a,question 0,4
IMPROVE2_W36,b,question 0,4
IMPROVE2_W36,b,question 0,4
IMPROVE2_W36,b,question 0,4
IMPROVE2_W36,b,question 0,4
IMPROVE2_W36,b,question 0,4
IMPROVE2_W36,b,question 0,4
IMPROVE2_W36,b,question 0,4
IMPROVE2_W36,b,question 0,4
IMPROVE2_W36,b,question 0,4
IMPROVE2_W36,b,question 0,4
IMPROVE2_W36,b,question 0,4
IMPROVE2_W36,b,question 0,4
IMPROVE2_W36,b,question 0,4
IMPROVE2_W36,b,question 0,4
IMPROVE2_W36,b,question 0,4
IMPROVE2_W36,b,question 0,4
IMPROVE2_W36,b,question 0,4
IMPROVE2_W36,b,question 0,4
IMPROVE2_W36,b,question 0,4
IMPROVE2_W36,b,question 0,4
IMPROVE2_W36,b,question 0,4
IMPROVE2_W36,b,question 0,4
IMPROVE2_W36,a,question 0,4
IMPROVE2_W36,c,question 0,4
IMPROVE2_W36,b,question 0,4
IMPROVE2_W36,b,question 0,4
IMPROVE2_W36,b,question 0,4
IMPROVE2_W36,b,question 0,4
IMPROVE2_W36,b,question 0,4
IMPROVE2_W36,b,question 0,4
IMPROVE2_W36,b,question 0,4
IMPROVE2_W36,b,question 0,4
IMPROVE2_W36,b,question 0,4
IMPROVE2_W36,b,question 0,4
IMPROVE2_W36,b,question 0,4
IMPROVE2_W36,b,question 0,4
IMPROVE2_W36,b,question 0,4
IMPROVE2_W36,b,question 0,4
IMPROVE2_W36,b,question 0,4
IMPROVE2_W36,b,question 0,4
IMPROVE2_W36,b,question 0,4
IMPROVE2_W36,b,question 1,4
IMPROVE2_W36,b,question 1,4
IMPROVE2_W36,b,question 1,4
IMPROVE2_W36,a,question 1,4
IMPROVE2_W36,b,question 1,4
IMPROVE2_W36,a,question 1,4
IMPROVE2_W36,a,question 1,4
IMPROVE2_W36,b,question 1,4
IMPROVE2_W36,b,question 1,4
IMPROVE2_W36,b,question 1,4
IMPROVE2_W36,b,question 1,4
IMPROVE2_W36,a,question 1,4
IMPROVE2_W36,b,question 1,4
IMPROVE2_W36,a,question 1,4
IMPROVE2_W36,b,question 1,4
IMPROVE2_W36,b,question 1,4
IMPROVE2_W36,b,question 1,4
IMPROVE2_W36,b,question 1,4
IMPROVE2_W36,b,question 1,4
IMPROVE2_W36,b,question 1,4
IMPROVE2_W36,b,question 1,4
IMPROVE2_W36,b,question 1,4
IMPROVE2_W36,a,question 1,4
IMPROVE2_W36,b,question 1,4
IMPROVE2_W36,b,question 1,4
IMPROVE2_W36,a,question 1,4
IMPROVE2_W36,b,question 1,4
IMPROVE2_W36,b,question 1,4
IMPROVE2_W36,b,question 1,4
IMPROVE2_W36,b,question 1,4
IMPROVE2_W36,b,question 1,4
IMPROVE2_W36,b,question 1,4
IMPROVE2_W36,b,question 1,4
IMPROVE2_W36,b,question 1,4
IMPROVE2_W36,b,question 1,4
IMPROVE2_W36,b,question 1,4
IMPROVE2_W36,b,question 1,4
IMPROVE2_W36,b,question 1,4
IMPROVE2_W36,b,question 1,4
IMPROVE2_W36,c,question 1,4
IMPROVE2_W36,b,question 1,4
IMPROVE2_W36,b,question 1,4
IMPROVE2_W36,b,question 1,4
IMPROVE2_W36,b,question 1,4
IMPROVE2_W36,b,question 1,4
IMPROVE2_W36,b,question 1,4
IMPROVE2_W36,a,question 1,4
IMPROVE2_W36,b,question 1,4
IMPROVE2_W36,b,question 1,4
IMPROVE2_W36,b,question 1,4
IMPROVE1_W36,a,question 0,4
IMPROVE1_W36,a,question 0,4
IMPROVE1_W36,a,question 0,4
IMPROVE1_W36,a,question 0,4
IMPROVE1_W36,a,question 0,4
IMPROVE1_W36,a,question 0,4
IMPROVE1_W36,a,question 0,4
IMPROVE1_W36,a,question 0,4
IMPROVE1_W36,a,question 0,4
IMPROVE1_W36,a,question 0,4
IMPROVE1_W36,a,question 0,4
IMPROVE1_W36,a,question 0,4
IMPROVE1_W36,a,question 0,4
IMPROVE1_W36,a,question 0,4
IMPROVE1_W36,a,question 0,4
IMPROVE1_W36,a,question 0,4
IMPROVE1_W36,a,question 0,4
IMPROVE1_W36,a,question 0,4
IMPROVE1_W36,a,question 0,4
IMPROVE1_W36,a,question 0,4
IMPROVE1_W36,a,question 0,4
IMPROVE1_W36,a,question 0,4
IMPROVE1_W36,a,question 0,4
IMPROVE1_W36,a,question 0,4
IMPROVE1_W36,a,question 0,4
IMPROVE1_W36,a,question 0,4
IMPROVE1_W36,a,question 0,4
IMPROVE1_W36,a,question 0,4
IMPROVE1_W36,a,question 0,4
IMPROVE1_W36,a,question 0,4
IMPROVE1_W36,a,question 0,4
IMPROVE1_W36,a,question 0,4
IMPROVE1_W36,a,question 0,4
IMPROVE1_W36,a,question 0,4
IMPROVE1_W36,a,question 0,4
IMPROVE1_W36,a,question 0,4
IMPROVE1_W36,a,question 0,4
IMPROVE1_W36,a,question 0,4
IMPROVE1_W36,a,question 0,4
IMPROVE1_W36,a,question 0,4
IMPROVE1_W36,a,question 0,4
IMPROVE1_W36,a,question 0,4
IMPROVE1_W36,a,question 0,4
IMPROVE1_W36,a,question 0,4
IMPROVE1_W36,a,question 0,4
IMPROVE1_W36,a,question 0,4
IMPROVE1_W36,a,question 0,4
IMPROVE1_W36,a,question 0,4
IMPROVE1_W36,a,question 0,4
IMPROVE1_W36,a,question 0,4
IMPROVE1_W36,a,question 1,4
IMPROVE1_W36,a,question 1,4
IMPROVE1_W36,a,question 1,4
IMPROVE1_W36,a,question 1,4
IMPROVE1_W36,a,question 1,4
IMPROVE1_W36,a,question 1,4
IMPROVE1_W36,a,question 1,4
IMPROVE1_W36,a,question 1,4
IMPROVE1_W36,a,question 1,4
IMPROVE1_W36,a,question 1,4
IMPROVE1_W36,a,question 1,4
IMPROVE1_W36,a,question 1,4
IMPROVE1_W36,a,question 1,4
IMPROVE1_W36,a,question 1,4
IMPROVE1_W36,a,question 1,4
IMPROVE1_W36,a,question 1,4
IMPROVE1_W36,a,question 1,4
IMPROVE1_W36,a,question 1,4
IMPROVE1_W36,a,question 1,4
IMPROVE1_W36,a,question 1,4
IMPROVE1_W36,a,question 1,4
IMPROVE1_W36,a,question 1,4
IMPROVE1_W36,a,question 1,4
IMPROVE1_W36,a,question 1,4
IMPROVE1_W36,a,question 1,4
IMPROVE1_W36,a,question 1,4
IMPROVE1_W36,a,question 1,4
IMPROVE1_W36,a,question 1,4
IMPROVE1_W36,a,question 1,4
IMPROVE1_W36,a,question 1,4
IMPROVE1_W36,a,question 1,4
IMPROVE1_W36,a,question 1,4
IMPROVE1_W36,a,question 1,4
IMPROVE1_W36,b,question 1,4
IMPROVE1_W36,a,question 1,4
IMPROVE1_W36,a,question 1,4
IMPROVE1_W36,a,question 1,4
IMPROVE1_W36,a,question 1,4
IMPROVE1_W36,a,question 1,4
IMPROVE1_W36,a,question 1,4
IMPROVE1_W36,a,question 1,4
IMPROVE1_W36,a,question 1,4
IMPROVE1_W36,a,question 1,4
IMPROVE1_W36,a,question 1,4
IMPROVE1_W36,b,question 1,4
IMPROVE1_W36,a,question 1,4
IMPROVE1_W36,a,question 1,4
IMPROVE1_W36,a,question 1,4
IMPROVE1_W36,a,question 1,4
IMPROVE1_W36,a,question 1,4
MOREWMN4F2_W36,a,question 0,3
MOREWMN4F2_W36,a,question 0,3
MOREWMN4F2_W36,a,question 0,3
MOREWMN4F2_W36,c,question 0,3
MOREWMN4F2_W36,a,question 0,3
MOREWMN4F2_W36,a,question 0,3
MOREWMN4F2_W36,a,question 0,3
MOREWMN4F2_W36,a,question 0,3
MOREWMN4F2_W36,a,question 0,3
MOREWMN4F2_W36,a,question 0,3
MOREWMN4F2_W36,a,question 0,3
MOREWMN4F2_W36,a,question 0,3
MOREWMN4F2_W36,a,question 0,3
MOREWMN4F2_W36,a,question 0,3
MOREWMN4F2_W36,a,question 0,3
MOREWMN4F2_W36,c,question 0,3
MOREWMN4F2_W36,a,question 0,3
MOREWMN4F2_W36,a,question 0,3
MOREWMN4F2_W36,a,question 0,3
MOREWMN4F2_W36,a,question 0,3
MOREWMN4F2_W36,a,question 0,3
MOREWMN4F2_W36,a,question 0,3
MOREWMN4F2_W36,a,question 0,3
MOREWMN4F2_W36,a,question 0,3
MOREWMN4F2_W36,a,question 0,3
MOREWMN4F2_W36,a,question 0,3
MOREWMN4F2_W36,a,question 0,3
MOREWMN4F2_W36,c,question 0,3
MOREWMN4F2_W36,a,question 0,3
MOREWMN4F2_W36,a,question 0,3
MOREWMN4F2_W36,a,question 0,3
MOREWMN4F2_W36,a,question 0,3
MOREWMN4F2_W36,a,question 0,3
MOREWMN4F2_W36,a,question 0,3
MOREWMN4F2_W36,c,question 0,3
MOREWMN4F2_W36,c,question 0,3
MOREWMN4F2_W36,a,question 0,3
MOREWMN4F2_W36,a,question 0,3
MOREWMN4F2_W36,a,question 0,3
MOREWMN4F2_W36,a,question 0,3
MOREWMN4F2_W36,a,question 0,3
MOREWMN4F2_W36,a,question 0,3
MOREWMN4F2_W36,a,question 0,3
MOREWMN4F2_W36,a,question 0,3
MOREWMN4F2_W36,a,question 0,3
MOREWMN4F2_W36,a,question 0,3
MOREWMN4F2_W36,a,question 0,3
MOREWMN4F2_W36,a,question 0,3
MOREWMN4F2_W36,a,question 0,3
MOREWMN4F2_W36,a,question 0,3
MOREWMN4F2_W36,c,question 1,3
MOREWMN4F2_W36,a,question 1,3
MOREWMN4F2_W36,c,question 1,3
MOREWMN4F2_W36,a,question 1,3
MOREWMN4F2_W36,a,question 1,3
MOREWMN4F2_W36,a,question 1,3
MOREWMN4F2_W36,c,question 1,3
MOREWMN4F2_W36,a,question 1,3
MOREWMN4F2_W36,c,question 1,3
MOREWMN4F2_W36,c,question 1,3
MOREWMN4F2_W36,a,question 1,3
MOREWMN4F2_W36,a,question 1,3
MOREWMN4F2_W36,c,question 1,3
MOREWMN4F2_W36,a,question 1,3
MOREWMN4F2_W36,a,question 1,3
MOREWMN4F2_W36,b,question 1,3
MOREWMN4F2_W36,c,question 1,3
MOREWMN4F2_W36,a,question 1,3
MOREWMN4F2_W36,a,question 1,3
MOREWMN4F2_W36,a,question 1,3
MOREWMN4F2_W36,a,question 1,3
MOREWMN4F2_W36,a,question 1,3
MOREWMN4F2_W36,a,question 1,3
MOREWMN4F2_W36,c,question 1,3
MOREWMN4F2_W36,a,question 1,3
MOREWMN4F2_W36,c,question 1,3
MOREWMN4F2_W36,a,question 1,3
MOREWMN4F2_W36,c,question 1,3
MOREWMN4F2_W36,c,question 1,3
MOREWMN4F2_W36,a,question 1,3
MOREWMN4F2_W36,a,question 1,3
MOREWMN4F2_W36,c,question 1,3
MOREWMN4F2_W36,c,question 1,3
MOREWMN4F2_W36,b,question 1,3
MOREWMN4F2_W36,c,question 1,3
MOREWMN4F2_W36,a,question 1,3
MOREWMN4F2_W36,a,question 1,3
MOREWMN4F2_W36,a,question 1,3
MOREWMN4F2_W36,c,question 1,3
MOREWMN4F2_W36,a,question 1,3
MOREWMN4F2_W36,a,question 1,3
MOREWMN4F2_W36,c,question 1,3
MOREWMN4F2_W36,a,question 1,3
MOREWMN4F2_W36,c,question 1,3
MOREWMN4F2_W36,a,question 1,3
MOREWMN4F2_W36,a,question 1,3
MOREWMN4F2_W36,c,question 1,3
MOREWMN4F2_W36,a,question 1,3
MOREWMN4F2_W36,c,question 1,3
MOREWMN4F2_W36,a,question 1,3
SCI3C_W34,a,question 0,2
SCI3C_W34,a,question 0,2
SCI3C_W34,a,question 0,2
SCI3C_W34,a,question 0,2
SCI3C_W34,a,question 0,2
SCI3C_W34,a,question 0,2
SCI3C_W34,a,question 0,2
SCI3C_W34,a,question 0,2
SCI3C_W34,a,question 0,2
SCI3C_W34,a,question 0,2
SCI3C_W34,a,question 0,2
SCI3C_W34,a,question 0,2
SCI3C_W34,a,question 0,2
SCI3C_W34,a,question 0,2
SCI3C_W34,a,question 0,2
SCI3C_W34,a,question 0,2
SCI3C_W34,a,question 0,2
SCI3C_W34,a,question 0,2
SCI3C_W34,a,question 0,2
SCI3C_W34,a,question 0,2
SCI3C_W34,a,question 0,2
SCI3C_W34,a,question 0,2
SCI3C_W34,a,question 0,2
SCI3C_W34,a,question 0,2
SCI3C_W34,a,question 0,2
SCI3C_W34,a,question 0,2
SCI3C_W34,a,question 0,2
SCI3C_W34,a,question 0,2
SCI3C_W34,a,question 0,2
SCI3C_W34,a,question 0,2
SCI3C_W34,a,question 0,2
SCI3C_W34,a,question 0,2
SCI3C_W34,a,question 0,2
SCI3C_W34,a,question 0,2
SCI3C_W34,a,question 0,2
SCI3C_W34,a,question 0,2
SCI3C_W34,a,question 0,2
SCI3C_W34,a,question 0,2
SCI3C_W34,a,question 0,2
SCI3C_W34,a,question 0,2
SCI3C_W34,a,question 0,2
SCI3C_W34,a,question 0,2
SCI3C_W34,a,question 0,2
SCI3C_W34,a,question 0,2
SCI3C_W34,a,question 0,2
SCI3C_W34,a,question 0,2
SCI3C_W34,a,question 0,2
SCI3C_W34,a,question 0,2
SCI3C_W34,a,question 0,2
SCI3C_W34,a,question 0,2
SCI3C_W34,a,question 1,2
SCI3C_W34,a,question 1,2
SCI3C_W34,a,question 1,2
SCI3C_W34,a,question 1,2
SCI3C_W34,a,question 1,2
SCI3C_W34,a,question 1,2
SCI3C_W34,a,question 1,2
SCI3C_W34,a,question 1,2
SCI3C_W34,a,question 1,2
SCI3C_W34,a,question 1,2
SCI3C_W34,a,question 1,2
SCI3C_W34,a,question 1,2
SCI3C_W34,a,question 1,2
SCI3C_W34,a,question 1,2
SCI3C_W34,a,question 1,2
SCI3C_W34,a,question 1,2
SCI3C_W34,a,question 1,2
SCI3C_W34,a,question 1,2
SCI3C_W34,a,question 1,2
SCI3C_W34,a,question 1,2
SCI3C_W34,a,question 1,2
SCI3C_W34,a,question 1,2
SCI3C_W34,a,question 1,2
SCI3C_W34,a,question 1,2
SCI3C_W34,a,question 1,2
SCI3C_W34,a,question 1,2
SCI3C_W34,a,question 1,2
SCI3C_W34,a,question 1,2
SCI3C_W34,a,question 1,2
SCI3C_W34,a,question 1,2
SCI3C_W34,a,question 1,2
SCI3C_W34,a,question 1,2
SCI3C_W34,a,question 1,2
SCI3C_W34,a,question 1,2
SCI3C_W34,a,question 1,2
SCI3C_W34,a,question 1,2
SCI3C_W34,a,question 1,2
SCI3C_W34,a,question 1,2
SCI3C_W34,a,question 1,2
SCI3C_W34,a,question 1,2
SCI3C_W34,a,question 1,2
SCI3C_W34,a,question 1,2
SCI3C_W34,a,question 1,2
SCI3C_W34,a,question 1,2
SCI3C_W34,a,question 1,2
SCI3C_W34,a,question 1,2
SCI3C_W34,a,question 1,2
SCI3C_W34,a,question 1,2
SCI3C_W34,a,question 1,2
SCI3C_W34,a,question 1,2
CARS7A_W27,a,question 0,4
CARS7A_W27,b,question 0,4
CARS7A_W27,a,question 0,4
CARS7A_W27,b,question 0,4
CARS7A_W27,a,question 0,4
CARS7A_W27,a,question 0,4
CARS7A_W27,c,question 0,4
CARS7A_W27,a,question 0,4
CARS7A_W27,a,question 0,4
CARS7A_W27,a,question 0,4
CARS7A_W27,b,question 0,4
CARS7A_W27,c,question 0,4
CARS7A_W27,b,question 0,4
CARS7A_W27,a,question 0,4
CARS7A_W27,a,question 0,4
CARS7A_W27,a,question 0,4
CARS7A_W27,c,question 0,4
CARS7A_W27,b,question 0,4
CARS7A_W27,c,question 0,4
CARS7A_W27,b,question 0,4
CARS7A_W27,b,question 0,4
CARS7A_W27,b,question 0,4
CARS7A_W27,b,question 0,4
CARS7A_W27,a,question 0,4
CARS7A_W27,b,question 0,4
CARS7A_W27,b,question 0,4
CARS7A_W27,a,question 0,4
CARS7A_W27,a,question 0,4
CARS7A_W27,b,question 0,4
CARS7A_W27,b,question 0,4
CARS7A_W27,a,question 0,4
CARS7A_W27,b,question 0,4
CARS7A_W27,c,question 0,4
CARS7A_W27,a,question 0,4
CARS7A_W27,b,question 0,4
CARS7A_W27,b,question 0,4
CARS7A_W27,a,question 0,4
CARS7A_W27,a,question 0,4
CARS7A_W27,a,question 0,4
CARS7A_W27,b,question 0,4
CARS7A_W27,b,question 0,4
CARS7A_W27,a,question 0,4
CARS7A_W27,a,question 0,4
CARS7A_W27,b,question 0,4
CARS7A_W27,b,question 0,4
CARS7A_W27,a,question 0,4
CARS7A_W27,b,question 0,4
CARS7A_W27,c,question 0,4
CARS7A_W27,c,question 0,4
CARS7A_W27,b,question 0,4
CARS7A_W27,a,question 1,4
CARS7A_W27,a,question 1,4
CARS7A_W27,a,question 1,4
CARS7A_W27,a,question 1,4
CARS7A_W27,a,question 1,4
CARS7A_W27,a,question 1,4
CARS7A_W27,a,question 1,4
CARS7A_W27,a,question 1,4
CARS7A_W27,a,question 1,4
CARS7A_W27,a,question 1,4
CARS7A_W27,a,question 1,4
CARS7A_W27,a,question 1,4
CARS7A_W27,a,question 1,4
CARS7A_W27,b,question 1,4
CARS7A_W27,a,question 1,4
CARS7A_W27,a,question 1,4
CARS7A_W27,a,question 1,4
CARS7A_W27,a,question 1,4
CARS7A_W27,a,question 1,4
CARS7A_W27,b,question 1,4
CARS7A_W27,a,question 1,4
CARS7A_W27,a,question 1,4
CARS7A_W27,a,question 1,4
CARS7A_W27,a,question 1,4
CARS7A_W27,a,question 1,4
CARS7A_W27,a,question 1,4
CARS7A_W27,a,question 1,4
CARS7A_W27,a,question 1,4
CARS7A_W27,a,question 1,4
CARS7A_W27,a,question 1,4
CARS7A_W27,a,question 1,4
CARS7A_W27,a,question 1,4
CARS7A_W27,a,question 1,4
CARS7A_W27,a,question 1,4
CARS7A_W27,b,question 1,4
CARS7A_W27,a,question 1,4
CARS7A_W27,a,question 1,4
CARS7A_W27,a,question 1,4
CARS7A_W27,a,question 1,4
CARS7A_W27,a,question 1,4
CARS7A_W27,a,question 1,4
CARS7A_W27,a,question 1,4
CARS7A_W27,a,question 1,4
CARS7A_W27,a,question 1,4
CARS7A_W27,a,question 1,4
CARS7A_W27,a,question 1,4
CARS7A_W27,a,question 1,4
CARS7A_W27,a,question 1,4
CARS7A_W27,a,question 1,4
CARS7A_W27,a,question 1,4
CARS7B_W27,a,question 0,4
CARS7B_W27,a,question 0,4
CARS7B_W27,a,question 0,4
CARS7B_W27,a,question 0,4
CARS7B_W27,a,question 0,4
CARS7B_W27,b,question 0,4
CARS7B_W27,a,question 0,4
CARS7B_W27,a,question 0,4
CARS7B_W27,a,question 0,4
CARS7B_W27,a,question 0,4
CARS7B_W27,c,question 0,4
CARS7B_W27,a,question 0,4
CARS7B_W27,a,question 0,4
CARS7B_W27,a,question 0,4
CARS7B_W27,a,question 0,4
CARS7B_W27,c,question 0,4
CARS7B_W27,a,question 0,4
CARS7B_W27,a,question 0,4
CARS7B_W27,a,question 0,4
CARS7B_W27,b,question 0,4
CARS7B_W27,a,question 0,4
CARS7B_W27,a,question 0,4
CARS7B_W27,a,question 0,4
CARS7B_W27,a,question 0,4
CARS7B_W27,a,question 0,4
CARS7B_W27,a,question 0,4
CARS7B_W27,a,question 0,4
CARS7B_W27,a,question 0,4
CARS7B_W27,a,question 0,4
CARS7B_W27,a,question 0,4
CARS7B_W27,a,question 0,4
CARS7B_W27,a,question 0,4
CARS7B_W27,a,question 0,4
CARS7B_W27,a,question 0,4
CARS7B_W27,a,question 0,4
CARS7B_W27,a,question 0,4
CARS7B_W27,a,question 0,4
CARS7B_W27,a,question 0,4
CARS7B_W27,a,question 0,4
CARS7B_W27,a,question 0,4
CARS7B_W27,a,question 0,4
CARS7B_W27,b,question 0,4
CARS7B_W27,a,question 0,4
CARS7B_W27,a,question 0,4
CARS7B_W27,a,question 0,4
CARS7B_W27,a,question 0,4
CARS7B_W27,a,question 0,4
CARS7B_W27,a,question 0,4
CARS7B_W27,a,question 0,4
CARS7B_W27,a,question 0,4
CARS7B_W27,a,question 1,4
CARS7B_W27,a,question 1,4
CARS7B_W27,a,question 1,4
CARS7B_W27,a,question 1,4
CARS7B_W27,b,question 1,4
CARS7B_W27,b,question 1,4
CARS7B_W27,a,question 1,4
CARS7B_W27,a,question 1,4
CARS7B_W27,a,question 1,4
CARS7B_W27,a,question 1,4
CARS7B_W27,a,question 1,4
CARS7B_W27,a,question 1,4
CARS7B_W27,b,question 1,4
CARS7B_W27,a,question 1,4
CARS7B_W27,a,question 1,4
CARS7B_W27,a,question 1,4
CARS7B_W27,a,question 1,4
CARS7B_W27,a,question 1,4
CARS7B_W27,a,question 1,4
CARS7B_W27,a,question 1,4
CARS7B_W27,a,question 1,4
CARS7B_W27,a,question 1,4
CARS7B_W27,a,question 1,4
CARS7B_W27,b,question 1,4
CARS7B_W27,a,question 1,4
CARS7B_W27,a,question 1,4
CARS7B_W27,a,question 1,4
CARS7B_W27,a,question 1,4
CARS7B_W27,a,question 1,4
CARS7B_W27,a,question 1,4
CARS7B_W27,a,question 1,4
CARS7B_W27,a,question 1,4
CARS7B_W27,b,question 1,4
CARS7B_W27,a,question 1,4
CARS7B_W27,a,question 1,4
CARS7B_W27,a,question 1,4
CARS7B_W27,a,question 1,4
CARS7B_W27,b,question 1,4
CARS7B_W27,a,question 1,4
CARS7B_W27,b,question 1,4
CARS7B_W27,a,question 1,4
CARS7B_W27,a,question 1,4
CARS7B_W27,b,question 1,4
CARS7B_W27,a,question 1,4
CARS7B_W27,a,question 1,4
CARS7B_W27,a,question 1,4
CARS7B_W27,a,question 1,4
CARS7B_W27,a,question 1,4
CARS7B_W27,a,question 1,4
CARS7B_W27,b,question 1,4
CARS8_W27,b,question 0,3
CARS8_W27,b,question 0,3
CARS8_W27,b,question 0,3
CARS8_W27,b,question 0,3
CARS8_W27,b,question 0,3
CARS8_W27,b,question 0,3
CARS8_W27,b,question 0,3
CARS8_W27,b,question 0,3
CARS8_W27,b,question 0,3
CARS8_W27,b,question 0,3
CARS8_W27,b,question 0,3
CARS8_W27,b,question 0,3
CARS8_W27,b,question 0,3
CARS8_W27,b,question 0,3
CARS8_W27,b,question 0,3
CARS8_W27,b,question 0,3
CARS8_W27,b,question 0,3
CARS8_W27,b,question 0,3
CARS8_W27,b,question 0,3
CARS8_W27,b,question 0,3
CARS8_W27,b,question 0,3
CARS8_W27,b,question 0,3
CARS8_W27,b,question 0,3
CARS8_W27,b,question 0,3
CARS8_W27,b,question 0,3
CARS8_W27,b,question 0,3
CARS8_W27,b,question 0,3
CARS8_W27,b,question 0,3
CARS8_W27,b,question 0,3
CARS8_W27,b,question 0,3
CARS8_W27,b,question 0,3
CARS8_W27,b,question 0,3
CARS8_W27,b,question 0,3
CARS8_W27,b,question 0,3
CARS8_W27,b,question 0,3
CARS8_W27,b,question 0,3
CARS8_W27,b,question 0,3
CARS8_W27,b,question 0,3
CARS8_W27,b,question 0,3
CARS8_W27,b,question 0,3
CARS8_W27,b,question 0,3
CARS8_W27,b,question 0,3
CARS8_W27,b,question 0,3
CARS8_W27,b,question 0,3
CARS8_W27,b,question 0,3
CARS8_W27,b,question 0,3
CARS8_W27,b,question 0,3
CARS8_W27,b,question 0,3
CARS8_W27,b,question 0,3
CARS8_W27,b,question 0,3
CARS8_W27,b,question 1,3
CARS8_W27,b,question 1,3
CARS8_W27,b,question 1,3
CARS8_W27,b,question 1,3
CARS8_W27,b,question 1,3
CARS8_W27,b,question 1,3
CARS8_W27,b,question 1,3
CARS8_W27,b,question 1,3
CARS8_W27,b,question 1,3
CARS8_W27,b,question 1,3
CARS8_W27,b,question 1,3
CARS8_W27,b,question 1,3
CARS8_W27,b,question 1,3
CARS8_W27,b,question 1,3
CARS8_W27,b,question 1,3
CARS8_W27,b,question 1,3
CARS8_W27,b,question 1,3
CARS8_W27,b,question 1,3
CARS8_W27,b,question 1,3
CARS8_W27,b,question 1,3
CARS8_W27,b,question 1,3
CARS8_W27,b,question 1,3
CARS8_W27,b,question 1,3
CARS8_W27,b,question 1,3
CARS8_W27,b,question 1,3
CARS8_W27,b,question 1,3
CARS8_W27,b,question 1,3
CARS8_W27,b,question 1,3
CARS8_W27,b,question 1,3
CARS8_W27,b,question 1,3
CARS8_W27,b,question 1,3
CARS8_W27,b,question 1,3
CARS8_W27,b,question 1,3
CARS8_W27,b,question 1,3
CARS8_W27,b,question 1,3
CARS8_W27,b,question 1,3
CARS8_W27,b,question 1,3
CARS8_W27,b,question 1,3
CARS8_W27,b,question 1,3
CARS8_W27,b,question 1,3
CARS8_W27,b,question 1,3
CARS8_W27,b,question 1,3
CARS8_W27,b,question 1,3
CARS8_W27,b,question 1,3
CARS8_W27,b,question 1,3
CARS8_W27,b,question 1,3
CARS8_W27,b,question 1,3
CARS8_W27,b,question 1,3
CARS8_W27,b,question 1,3
CARS8_W27,a,question 1,3
CARS9A_W27,c,question 0,4
CARS9A_W27,b,question 0,4
CARS9A_W27,c,question 0,4
CARS9A_W27,c,question 0,4
CARS9A_W27,c,question 0,4
CARS9A_W27,c,question 0,4
CARS9A_W27,b,question 0,4
CARS9A_W27,b,question 0,4
CARS9A_W27,c,question 0,4
CARS9A_W27,c,question 0,4
CARS9A_W27,c,question 0,4
CARS9A_W27,b,question 0,4
CARS9A_W27,b,question 0,4
CARS9A_W27,c,question 0,4
CARS9A_W27,c,question 0,4
CARS9A_W27,c,question 0,4
CARS9A_W27,b,question 0,4
CARS9A_W27,b,question 0,4
CARS9A_W27,c,question 0,4
CARS9A_W27,c,question 0,4
CARS9A_W27,b,question 0,4
CARS9A_W27,c,question 0,4
CARS9A_W27,c,question 0,4
CARS9A_W27,b,question 0,4
CARS9A_W27,a,question 0,4
CARS9A_W27,c,question 0,4
CARS9A_W27,c,question 0,4
CARS9A_W27,b,question 0,4
CARS9A_W27,b,question 0,4
CARS9A_W27,c,question 0,4
CARS9A_W27,c,question 0,4
CARS9A_W27,c,question 0,4
CARS9A_W27,c,question 0,4
CARS9A_W27,c,question 0,4
CARS9A_W27,c,question 0,4
CARS9A_W27,c,question 0,4
CARS9A_W27,c,question 0,4
CARS9A_W27,b,question 0,4
CARS9A_W27,c,question 0,4
CARS9A_W27,c,question 0,4
CARS9A_W27,b,question 0,4
CARS9A_W27,c,question 0,4
CARS9A_W27,c,question 0,4
CARS9A_W27,c,question 0,4
CARS9A_W27,b,question 0,4
CARS9A_W27,c,question 0,4
CARS9A_W27,b,question 0,4
CARS9A_W27,b,question 0,4
CARS9A_W27,c,question 0,4
CARS9A_W27,c,question 0,4
CARS9A_W27,c,question 1,4
CARS9A_W27,c,question 1,4
CARS9A_W27,c,question 1,4
CARS9A_W27,c,question 1,4
CARS9A_W27,c,question 1,4
CARS9A_W27,c,question 1,4
CARS9A_W27,c,question 1,4
CARS9A_W27,c,question 1,4
CARS9A_W27,c,question 1,4
CARS9A_W27,c,question 1,4
CARS9A_W27,a,question 1,4
CARS9A_W27,c,question 1,4
CARS9A_W27,c,question 1,4
CARS9A_W27,c,question 1,4
CARS9A_W27,a,question 1,4
CARS9A_W27,c,question 1,4
CARS9A_W27,c,question 1,4
CARS9A_W27,c,question 1,4
CARS9A_W27,c,question 1,4
CARS9A_W27,c,question 1,4
CARS9A_W27,c,question 1,4
CARS9A_W27,c,question 1,4
CARS9A_W27,c,question 1,4
CARS9A_W27,c,question 1,4
CARS9A_W27,c,question 1,4
CARS9A_W27,c,question 1,4
CARS9A_W27,c,question 1,4
CARS9A_W27,c,question 1,4
CARS9A_W27,c,question 1,4
CARS9A_W27,c,question 1,4
CARS9A_W27,c,question 1,4
CARS9A_W27,c,question 1,4
CARS9A_W27,c,question 1,4
CARS9A_W27,c,question 1,4
CARS9A_W27,c,question 1,4
CARS9A_W27,c,question 1,4
CARS9A_W27,c,question 1,4
CARS9A_W27,c,question 1,4
CARS9A_W27,c,question 1,4
CARS9A_W27,b,question 1,4
CARS9A_W27,c,question 1,4
CARS9A_W27,c,question 1,4
CARS9A_W27,c,question 1,4
CARS9A_W27,c,question 1,4
CARS9A_W27,c,question 1,4
CARS9A_W27,c,question 1,4
CARS9A_W27,c,question 1,4
CARS9A_W27,c,question 1,4
CARS9A_W27,c,question 1,4
CARS9A_W27,c,question 1,4
ROBJOB3B_W27,c,question 0,4
ROBJOB3B_W27,b,question 0,4
ROBJOB3B_W27,c,question 0,4
ROBJOB3B_W27,b,question 0,4
ROBJOB3B_W27,b,question 0,4
ROBJOB3B_W27,c,question 0,4
ROBJOB3B_W27,b,question 0,4
ROBJOB3B_W27,b,question 0,4
ROBJOB3B_W27,c,question 0,4
ROBJOB3B_W27,c,question 0,4
ROBJOB3B_W27,b,question 0,4
ROBJOB3B_W27,b,question 0,4
ROBJOB3B_W27,b,question 0,4
ROBJOB3B_W27,c,question 0,4
ROBJOB3B_W27,b,question 0,4
ROBJOB3B_W27,b,question 0,4
ROBJOB3B_W27,c,question 0,4
ROBJOB3B_W27,b,question 0,4
ROBJOB3B_W27,b,question 0,4
ROBJOB3B_W27,b,question 0,4
ROBJOB3B_W27,c,question 0,4
ROBJOB3B_W27,b,question 0,4
ROBJOB3B_W27,b,question 0,4
ROBJOB3B_W27,b,question 0,4
ROBJOB3B_W27,b,question 0,4
ROBJOB3B_W27,c,question 0,4
ROBJOB3B_W27,b,question 0,4
ROBJOB3B_W27,b,question 0,4
ROBJOB3B_W27,b,question 0,4
ROBJOB3B_W27,c,question 0,4
ROBJOB3B_W27,b,question 0,4
ROBJOB3B_W27,a,question 0,4
ROBJOB3B_W27,b,question 0,4
ROBJOB3B_W27,b,question 0,4
ROBJOB3B_W27,c,question 0,4
ROBJOB3B_W27,b,question 0,4
ROBJOB3B_W27,a,question 0,4
ROBJOB3B_W27,b,question 0,4
ROBJOB3B_W27,a,question 0,4
ROBJOB3B_W27,b,question 0,4
ROBJOB3B_W27,b,question 0,4
ROBJOB3B_W27,c,question 0,4
ROBJOB3B_W27,b,question 0,4
ROBJOB3B_W27,a,question 0,4
ROBJOB3B_W27,a,question 0,4
ROBJOB3B_W27,c,question 0,4
ROBJOB3B_W27,b,question 0,4
ROBJOB3B_W27,a,question 0,4
ROBJOB3B_W27,b,question 0,4
ROBJOB3B_W27,b,question 0,4
ROBJOB3B_W27,a,question 1,4
ROBJOB3B_W27,b,question 1,4
ROBJOB3B_W27,a,question 1,4
ROBJOB3B_W27,a,question 1,4
ROBJOB3B_W27,a,question 1,4
ROBJOB3B_W27,b,question 1,4
ROBJOB3B_W27,b,question 1,4
ROBJOB3B_W27,b,question 1,4
ROBJOB3B_W27,b,question 1,4
ROBJOB3B_W27,b,question 1,4
ROBJOB3B_W27,c,question 1,4
ROBJOB3B_W27,b,question 1,4
ROBJOB3B_W27,b,question 1,4
ROBJOB3B_W27,a,question 1,4
ROBJOB3B_W27,b,question 1,4
ROBJOB3B_W27,b,question 1,4
ROBJOB3B_W27,c,question 1,4
ROBJOB3B_W27,b,question 1,4
ROBJOB3B_W27,a,question 1,4
ROBJOB3B_W27,b,question 1,4
ROBJOB3B_W27,b,question 1,4
ROBJOB3B_W27,b,question 1,4
ROBJOB3B_W27,b,question 1,4
ROBJOB3B_W27,a,question 1,4
ROBJOB3B_W27,b,question 1,4
ROBJOB3B_W27,b,question 1,4
ROBJOB3B_W27,b,question 1,4
ROBJOB3B_W27,b,question 1,4
ROBJOB3B_W27,b,question 1,4
ROBJOB3B_W27,b,question 1,4
ROBJOB3B_W27,c,question 1,4
ROBJOB3B_W27,b,question 1,4
ROBJOB3B_W27,b,question 1,4
ROBJOB3B_W27,b,question 1,4
ROBJOB3B_W27,a,question 1,4
ROBJOB3B_W27,b,question 1,4
ROBJOB3B_W27,a,question 1,4
ROBJOB3B_W27,a,question 1,4
ROBJOB3B_W27,b,question 1,4
ROBJOB3B_W27,b,question 1,4
ROBJOB3B_W27,a,question 1,4
ROBJOB3B_W27,a,question 1,4
ROBJOB3B_W27,b,question 1,4
ROBJOB3B_W27,a,question 1,4
ROBJOB3B_W27,b,question 1,4
ROBJOB3B_W27,a,question 1,4
ROBJOB3B_W27,b,question 1,4
ROBJOB3B_W27,a,question 1,4
ROBJOB3B_W27,b,question 1,4
ROBJOB3B_W27,b,question 1,4
ROBJOB3A_W27,c,question 0,4
ROBJOB3A_W27,c,question 0,4
ROBJOB3A_W27,b,question 0,4
ROBJOB3A_W27,b,question 0,4
ROBJOB3A_W27,b,question 0,4
ROBJOB3A_W27,b,question 0,4
ROBJOB3A_W27,a,question 0,4
ROBJOB3A_W27,c,question 0,4
ROBJOB3A_W27,c,question 0,4
ROBJOB3A_W27,b,question 0,4
ROBJOB3A_W27,c,question 0,4
ROBJOB3A_W27,b,question 0,4
ROBJOB3A_W27,b,question 0,4
ROBJOB3A_W27,b,question 0,4
ROBJOB3A_W27,c,question 0,4
ROBJOB3A_W27,c,question 0,4
ROBJOB3A_W27,b,question 0,4
ROBJOB3A_W27,b,question 0,4
ROBJOB3A_W27,a,question 0,4
ROBJOB3A_W27,b,question 0,4
ROBJOB3A_W27,b,question 0,4
ROBJOB3A_W27,b,question 0,4
ROBJOB3A_W27,c,question 0,4
ROBJOB3A_W27,b,question 0,4
ROBJOB3A_W27,b,question 0,4
ROBJOB3A_W27,b,question 0,4
ROBJOB3A_W27,b,question 0,4
ROBJOB3A_W27,c,question 0,4
ROBJOB3A_W27,c,question 0,4
ROBJOB3A_W27,b,question 0,4
ROBJOB3A_W27,b,question 0,4
ROBJOB3A_W27,b,question 0,4
ROBJOB3A_W27,c,question 0,4
ROBJOB3A_W27,b,question 0,4
ROBJOB3A_W27,b,question 0,4
ROBJOB3A_W27,a,question 0,4
ROBJOB3A_W27,c,question 0,4
ROBJOB3A_W27,b,question 0,4
ROBJOB3A_W27,b,question 0,4
ROBJOB3A_W27,c,question 0,4
ROBJOB3A_W27,b,question 0,4
ROBJOB3A_W27,b,question 0,4
ROBJOB3A_W27,b,question 0,4
ROBJOB3A_W27,c,question 0,4
ROBJOB3A_W27,b,question 0,4
ROBJOB3A_W27,c,question 0,4
ROBJOB3A_W27,c,question 0,4
ROBJOB3A_W27,b,question 0,4
ROBJOB3A_W27,b,question 0,4
ROBJOB3A_W27,b,question 0,4
ROBJOB3A_W27,a,question 1,4
ROBJOB3A_W27,a,question 1,4
ROBJOB3A_W27,b,question 1,4
ROBJOB3A_W27,a,question 1,4
ROBJOB3A_W27,a,question 1,4
ROBJOB3A_W27,b,question 1,4
ROBJOB3A_W27,a,question 1,4
ROBJOB3A_W27,b,question 1,4
ROBJOB3A_W27,c,question 1,4
ROBJOB3A_W27,b,question 1,4
ROBJOB3A_W27,b,question 1,4
ROBJOB3A_W27,b,question 1,4
ROBJOB3A_W27,b,question 1,4
ROBJOB3A_W27,b,question 1,4
ROBJOB3A_W27,b,question 1,4
ROBJOB3A_W27,b,question 1,4
ROBJOB3A_W27,a,question 1,4
ROBJOB3A_W27,a,question 1,4
ROBJOB3A_W27,a,question 1,4
ROBJOB3A_W27,a,question 1,4
ROBJOB3A_W27,b,question 1,4
ROBJOB3A_W27,b,question 1,4
ROBJOB3A_W27,b,question 1,4
ROBJOB3A_W27,c,question 1,4
ROBJOB3A_W27,b,question 1,4
ROBJOB3A_W27,c,question 1,4
ROBJOB3A_W27,a,question 1,4
ROBJOB3A_W27,b,question 1,4
ROBJOB3A_W27,b,question 1,4
ROBJOB3A_W27,b,question 1,4
ROBJOB3A_W27,a,question 1,4
ROBJOB3A_W27,b,question 1,4
ROBJOB3A_W27,a,question 1,4
ROBJOB3A_W27,a,question 1,4
ROBJOB3A_W27,b,question 1,4
ROBJOB3A_W27,b,question 1,4
ROBJOB3A_W27,b,question 1,4
ROBJOB3A_W27,a,question 1,4
ROBJOB3A_W27,b,question 1,4
ROBJOB3A_W27,b,question 1,4
ROBJOB3A_W27,b,question 1,4
ROBJOB3A_W27,b,question 1,4
ROBJOB3A_W27,a,question 1,4
ROBJOB3A_W27,a,question 1,4
ROBJOB3A_W27,b,question 1,4
ROBJOB3A_W27,b,question 1,4
ROBJOB3A_W27,b,question 1,4
ROBJOB3A_W27,b,question 1,4
ROBJOB3A_W27,b,question 1,4
ROBJOB3A_W27,a,question 1,4
WORRYF_W26,a,question 0,3
WORRYF_W26,b,question 0,3
WORRYF_W26,b,question 0,3
WORRYF_W26,b,question 0,3
WORRYF_W26,b,question 0,3
WORRYF_W26,b,question 0,3
WORRYF_W26,b,question 0,3
WORRYF_W26,a,question 0,3
WORRYF_W26,b,question 0,3
WORRYF_W26,a,question 0,3
WORRYF_W26,a,question 0,3
WORRYF_W26,a,question 0,3
WORRYF_W26,a,question 0,3
WORRYF_W26,a,question 0,3
WORRYF_W26,a,question 0,3
WORRYF_W26,a,question 0,3
WORRYF_W26,b,question 0,3
WORRYF_W26,a,question 0,3
WORRYF_W26,a,question 0,3
WORRYF_W26,a,question 0,3
WORRYF_W26,b,question 0,3
WORRYF_W26,b,question 0,3
WORRYF_W26,a,question 0,3
WORRYF_W26,a,question 0,3
WORRYF_W26,a,question 0,3
WORRYF_W26,b,question 0,3
WORRYF_W26,a,question 0,3
WORRYF_W26,b,question 0,3
WORRYF_W26,b,question 0,3
WORRYF_W26,b,question 0,3
WORRYF_W26,b,question 0,3
WORRYF_W26,a,question 0,3
WORRYF_W26,a,question 0,3
WORRYF_W26,a,question 0,3
WORRYF_W26,b,question 0,3
WORRYF_W26,a,question 0,3
WORRYF_W26,b,question 0,3
WORRYF_W26,a,question 0,3
WORRYF_W26,b,question 0,3
WORRYF_W26,b,question 0,3
WORRYF_W26,a,question 0,3
WORRYF_W26,a,question 0,3
WORRYF_W26,b,question 0,3
WORRYF_W26,a,question 0,3
WORRYF_W26,a,question 0,3
WORRYF_W26,b,question 0,3
WORRYF_W26,b,question 0,3
WORRYF_W26,b,question 0,3
WORRYF_W26,a,question 0,3
WORRYF_W26,b,question 0,3
WORRYF_W26,a,question 1,3
WORRYF_W26,a,question 1,3
WORRYF_W26,a,question 1,3
WORRYF_W26,a,question 1,3
WORRYF_W26,a,question 1,3
WORRYF_W26,b,question 1,3
WORRYF_W26,b,question 1,3
WORRYF_W26,a,question 1,3
WORRYF_W26,a,question 1,3
WORRYF_W26,a,question 1,3
WORRYF_W26,a,question 1,3
WORRYF_W26,c,question 1,3
WORRYF_W26,a,question 1,3
WORRYF_W26,b,question 1,3
WORRYF_W26,a,question 1,3
WORRYF_W26,a,question 1,3
WORRYF_W26,a,question 1,3
WORRYF_W26,a,question 1,3
WORRYF_W26,a,question 1,3
WORRYF_W26,a,question 1,3
WORRYF_W26,a,question 1,3
WORRYF_W26,a,question 1,3
WORRYF_W26,a,question 1,3
WORRYF_W26,a,question 1,3
WORRYF_W26,a,question 1,3
WORRYF_W26,b,question 1,3
WORRYF_W26,a,question 1,3
WORRYF_W26,b,question 1,3
WORRYF_W26,b,question 1,3
WORRYF_W26,a,question 1,3
WORRYF_W26,a,question 1,3
WORRYF_W26,a,question 1,3
WORRYF_W26,a,question 1,3
WORRYF_W26,a,question 1,3
WORRYF_W26,a,question 1,3
WORRYF_W26,b,question 1,3
WORRYF_W26,a,question 1,3
WORRYF_W26,a,question 1,3
WORRYF_W26,a,question 1,3
WORRYF_W26,a,question 1,3
WORRYF_W26,a,question 1,3
WORRYF_W26,a,question 1,3
WORRYF_W26,b,question 1,3
WORRYF_W26,a,question 1,3
WORRYF_W26,c,question 1,3
WORRYF_W26,a,question 1,3
WORRYF_W26,a,question 1,3
WORRYF_W26,a,question 1,3
WORRYF_W26,a,question 1,3
WORRYF_W26,a,question 1,3
WORRYE_W26,b,question 0,3
WORRYE_W26,a,question 0,3
WORRYE_W26,b,question 0,3
WORRYE_W26,a,question 0,3
WORRYE_W26,b,question 0,3
WORRYE_W26,a,question 0,3
WORRYE_W26,a,question 0,3
WORRYE_W26,a,question 0,3
WORRYE_W26,a,question 0,3
WORRYE_W26,b,question 0,3
WORRYE_W26,b,question 0,3
WORRYE_W26,a,question 0,3
WORRYE_W26,a,question 0,3
WORRYE_W26,a,question 0,3
WORRYE_W26,a,question 0,3
WORRYE_W26,a,question 0,3
WORRYE_W26,b,question 0,3
WORRYE_W26,b,question 0,3
WORRYE_W26,a,question 0,3
WORRYE_W26,a,question 0,3
WORRYE_W26,a,question 0,3
WORRYE_W26,b,question 0,3
WORRYE_W26,a,question 0,3
WORRYE_W26,b,question 0,3
WORRYE_W26,b,question 0,3
WORRYE_W26,a,question 0,3
WORRYE_W26,b,question 0,3
WORRYE_W26,b,question 0,3
WORRYE_W26,a,question 0,3
WORRYE_W26,b,question 0,3
WORRYE_W26,a,question 0,3
WORRYE_W26,a,question 0,3
WORRYE_W26,a,question 0,3
WORRYE_W26,b,question 0,3
WORRYE_W26,b,question 0,3
WORRYE_W26,b,question 0,3
WORRYE_W26,b,question 0,3
WORRYE_W26,a,question 0,3
WORRYE_W26,b,question 0,3
WORRYE_W26,a,question 0,3
WORRYE_W26,b,question 0,3
WORRYE_W26,b,question 0,3
WORRYE_W26,b,question 0,3
WORRYE_W26,a,question 0,3
WORRYE_W26,b,question 0,3
WORRYE_W26,b,question 0,3
WORRYE_W26,a,question 0,3
WORRYE_W26,a,question 0,3
WORRYE_W26,a,question 0,3
WORRYE_W26,b,question 0,3
WORRYE_W26,a,question 1,3
WORRYE_W26,b,question 1,3
WORRYE_W26,a,question 1,3
WORRYE_W26,a,question 1,3
WORRYE_W26,a,question 1,3
WORRYE_W26,a,question 1,3
WORRYE_W26,a,question 1,3
WORRYE_W26,b,question 1,3
WORRYE_W26,a,question 1,3
WORRYE_W26,a,question 1,3
WORRYE_W26,a,question 1,3
WORRYE_W26,a,question 1,3
WORRYE_W26,b,question 1,3
WORRYE_W26,a,question 1,3
WORRYE_W26,a,question 1,3
WORRYE_W26,b,question 1,3
WORRYE_W26,a,question 1,3
WORRYE_W26,a,question 1,3
WORRYE_W26,a,question 1,3
WORRYE_W26,b,question 1,3
WORRYE_W26,a,question 1,3
WORRYE_W26,b,question 1,3
WORRYE_W26,b,question 1,3
WORRYE_W26,c,question 1,3
WORRYE_W26,a,question 1,3
WORRYE_W26,a,question 1,3
WORRYE_W26,a,question 1,3
WORRYE_W26,a,question 1,3
WORRYE_W26,a,question 1,3
WORRYE_W26,a,question 1,3
WORRYE_W26,b,question 1,3
WORRYE_W26,a,question 1,3
WORRYE_W26,a,question 1,3
WORRYE_W26,a,question 1,3
WORRYE_W26,b,question 1,3
WORRYE_W26,a,question 1,3
WORRYE_W26,b,question 1,3
WORRYE_W26,a,question 1,3
WORRYE_W26,a,question 1,3
WORRYE_W26,a,question 1,3
WORRYE_W26,a,question 1,3
WORRYE_W26,a,question 1,3
WORRYE_W26,a,question 1,3
WORRYE_W26,a,question 1,3
WORRYE_W26,a,question 1,3
WORRYE_W26,b,question 1,3
WORRYE_W26,b,question 1,3
WORRYE_W26,a,question 1,3
WORRYE_W26,a,question 1,3
WORRYE_W26,b,question 1,3
TRACKCO1a_W49,b,question 0,5
TRACKCO1a_W49,c,question 0,5
TRACKCO1a_W49,b,question 0,5
TRACKCO1a_W49,c,question 0,5
TRACKCO1a_W49,c,question 0,5
TRACKCO1a_W49,c,question 0,5
TRACKCO1a_W49,c,question 0,5
TRACKCO1a_W49,c,question 0,5
TRACKCO1a_W49,b,question 0,5
TRACKCO1a_W49,c,question 0,5
TRACKCO1a_W49,c,question 0,5
TRACKCO1a_W49,b,question 0,5
TRACKCO1a_W49,a,question 0,5
TRACKCO1a_W49,c,question 0,5
TRACKCO1a_W49,b,question 0,5
TRACKCO1a_W49,c,question 0,5
TRACKCO1a_W49,b,question 0,5
TRACKCO1a_W49,c,question 0,5
TRACKCO1a_W49,c,question 0,5
TRACKCO1a_W49,b,question 0,5
TRACKCO1a_W49,c,question 0,5
TRACKCO1a_W49,b,question 0,5
TRACKCO1a_W49,c,question 0,5
TRACKCO1a_W49,c,question 0,5
TRACKCO1a_W49,c,question 0,5
TRACKCO1a_W49,b,question 0,5
TRACKCO1a_W49,b,question 0,5
TRACKCO1a_W49,b,question 0,5
TRACKCO1a_W49,c,question 0,5
TRACKCO1a_W49,b,question 0,5
TRACKCO1a_W49,c,question 0,5
TRACKCO1a_W49,c,question 0,5
TRACKCO1a_W49,c,question 0,5
TRACKCO1a_W49,c,question 0,5
TRACKCO1a_W49,b,question 0,5
TRACKCO1a_W49,b,question 0,5
TRACKCO1a_W49,b,question 0,5
TRACKCO1a_W49,b,question 0,5
TRACKCO1a_W49,b,question 0,5
TRACKCO1a_W49,c,question 0,5
TRACKCO1a_W49,c,question 0,5
TRACKCO1a_W49,b,question 0,5
TRACKCO1a_W49,c,question 0,5
TRACKCO1a_W49,b,question 0,5
TRACKCO1a_W49,a,question 0,5
TRACKCO1a_W49,a,question 0,5
TRACKCO1a_W49,b,question 0,5
TRACKCO1a_W49,c,question 0,5
TRACKCO1a_W49,b,question 0,5
TRACKCO1a_W49,b,question 0,5
TRACKCO1a_W49,b,question 1,5
TRACKCO1a_W49,c,question 1,5
TRACKCO1a_W49,c,question 1,5
TRACKCO1a_W49,c,question 1,5
TRACKCO1a_W49,c,question 1,5
TRACKCO1a_W49,c,question 1,5
TRACKCO1a_W49,c,question 1,5
TRACKCO1a_W49,c,question 1,5
TRACKCO1a_W49,c,question 1,5
TRACKCO1a_W49,c,question 1,5
TRACKCO1a_W49,c,question 1,5
TRACKCO1a_W49,c,question 1,5
TRACKCO1a_W49,c,question 1,5
TRACKCO1a_W49,c,question 1,5
TRACKCO1a_W49,c,question 1,5
TRACKCO1a_W49,c,question 1,5
TRACKCO1a_W49,c,question 1,5
TRACKCO1a_W49,c,question 1,5
TRACKCO1a_W49,c,question 1,5
TRACKCO1a_W49,c,question 1,5
TRACKCO1a_W49,c,question 1,5
TRACKCO1a_W49,c,question 1,5
TRACKCO1a_W49,c,question 1,5
TRACKCO1a_W49,c,question 1,5
TRACKCO1a_W49,c,question 1,5
TRACKCO1a_W49,c,question 1,5
TRACKCO1a_W49,c,question 1,5
TRACKCO1a_W49,c,question 1,5
TRACKCO1a_W49,c,question 1,5
TRACKCO1a_W49,c,question 1,5
TRACKCO1a_W49,c,question 1,5
TRACKCO1a_W49,c,question 1,5
TRACKCO1a_W49,c,question 1,5
TRACKCO1a_W49,b,question 1,5
TRACKCO1a_W49,c,question 1,5
TRACKCO1a_W49,c,question 1,5
TRACKCO1a_W49,c,question 1,5
TRACKCO1a_W49,c,question 1,5
TRACKCO1a_W49,c,question 1,5
TRACKCO1a_W49,c,question 1,5
TRACKCO1a_W49,c,question 1,5
TRACKCO1a_W49,c,question 1,5
TRACKCO1a_W49,c,question 1,5
TRACKCO1a_W49,c,question 1,5
TRACKCO1a_W49,c,question 1,5
TRACKCO1a_W49,c,question 1,5
TRACKCO1a_W49,c,question 1,5
TRACKCO1a_W49,c,question 1,5
TRACKCO1a_W49,c,question 1,5
TRACKCO1a_W49,c,question 1,5
TRACKCO1b_W49,c,question 0,5
TRACKCO1b_W49,c,question 0,5
TRACKCO1b_W49,c,question 0,5
TRACKCO1b_W49,c,question 0,5
TRACKCO1b_W49,c,question 0,5
TRACKCO1b_W49,c,question 0,5
TRACKCO1b_W49,c,question 0,5
TRACKCO1b_W49,a,question 0,5
TRACKCO1b_W49,c,question 0,5
TRACKCO1b_W49,c,question 0,5
TRACKCO1b_W49,b,question 0,5
TRACKCO1b_W49,c,question 0,5
TRACKCO1b_W49,c,question 0,5
TRACKCO1b_W49,c,question 0,5
TRACKCO1b_W49,c,question 0,5
TRACKCO1b_W49,b,question 0,5
TRACKCO1b_W49,c,question 0,5
TRACKCO1b_W49,c,question 0,5
TRACKCO1b_W49,c,question 0,5
TRACKCO1b_W49,c,question 0,5
TRACKCO1b_W49,c,question 0,5
TRACKCO1b_W49,b,question 0,5
TRACKCO1b_W49,b,question 0,5
TRACKCO1b_W49,c,question 0,5
TRACKCO1b_W49,c,question 0,5
TRACKCO1b_W49,c,question 0,5
TRACKCO1b_W49,c,question 0,5
TRACKCO1b_W49,c,question 0,5
TRACKCO1b_W49,b,question 0,5
TRACKCO1b_W49,b,question 0,5
TRACKCO1b_W49,c,question 0,5
TRACKCO1b_W49,c,question 0,5
TRACKCO1b_W49,b,question 0,5
TRACKCO1b_W49,c,question 0,5
TRACKCO1b_W49,b,question 0,5
TRACKCO1b_W49,c,question 0,5
TRACKCO1b_W49,c,question 0,5
TRACKCO1b_W49,c,question 0,5
TRACKCO1b_W49,b,question 0,5
TRACKCO1b_W49,c,question 0,5
TRACKCO1b_W49,c,question 0,5
TRACKCO1b_W49,c,question 0,5
TRACKCO1b_W49,c,question 0,5
TRACKCO1b_W49,b,question 0,5
TRACKCO1b_W49,c,question 0,5
TRACKCO1b_W49,c,question 0,5
TRACKCO1b_W49,b,question 0,5
TRACKCO1b_W49,c,question 0,5
TRACKCO1b_W49,c,question 0,5
TRACKCO1b_W49,b,question 0,5
TRACKCO1b_W49,c,question 1,5
TRACKCO1b_W49,c,question 1,5
TRACKCO1b_W49,c,question 1,5
TRACKCO1b_W49,c,question 1,5
TRACKCO1b_W49,c,question 1,5
TRACKCO1b_W49,c,question 1,5
TRACKCO1b_W49,c,question 1,5
TRACKCO1b_W49,c,question 1,5
TRACKCO1b_W49,c,question 1,5
TRACKCO1b_W49,c,question 1,5
TRACKCO1b_W49,c,question 1,5
TRACKCO1b_W49,c,question 1,5
TRACKCO1b_W49,c,question 1,5
TRACKCO1b_W49,c,question 1,5
TRACKCO1b_W49,c,question 1,5
TRACKCO1b_W49,c,question 1,5
TRACKCO1b_W49,c,question 1,5
TRACKCO1b_W49,c,question 1,5
TRACKCO1b_W49,c,question 1,5
TRACKCO1b_W49,c,question 1,5
TRACKCO1b_W49,c,question 1,5
TRACKCO1b_W49,c,question 1,5
TRACKCO1b_W49,c,question 1,5
TRACKCO1b_W49,c,question 1,5
TRACKCO1b_W49,c,question 1,5
TRACKCO1b_W49,c,question 1,5
TRACKCO1b_W49,c,question 1,5
TRACKCO1b_W49,c,question 1,5
TRACKCO1b_W49,c,question 1,5
TRACKCO1b_W49,c,question 1,5
TRACKCO1b_W49,c,question 1,5
TRACKCO1b_W49,c,question 1,5
TRACKCO1b_W49,c,question 1,5
TRACKCO1b_W49,c,question 1,5
TRACKCO1b_W49,c,question 1,5
TRACKCO1b_W49,c,question 1,5
TRACKCO1b_W49,c,question 1,5
TRACKCO1b_W49,c,question 1,5
TRACKCO1b_W49,c,question 1,5
TRACKCO1b_W49,c,question 1,5
TRACKCO1b_W49,c,question 1,5
TRACKCO1b_W49,a,question 1,5
TRACKCO1b_W49,c,question 1,5
TRACKCO1b_W49,c,question 1,5
TRACKCO1b_W49,c,question 1,5
TRACKCO1b_W49,c,question 1,5
TRACKCO1b_W49,c,question 1,5
TRACKCO1b_W49,c,question 1,5
TRACKCO1b_W49,c,question 1,5
TRACKCO1b_W49,c,question 1,5
CONCERNCO_W49,b,question 0,4
CONCERNCO_W49,b,question 0,4
CONCERNCO_W49,a,question 0,4
CONCERNCO_W49,b,question 0,4
CONCERNCO_W49,c,question 0,4
CONCERNCO_W49,b,question 0,4
CONCERNCO_W49,b,question 0,4
CONCERNCO_W49,b,question 0,4
CONCERNCO_W49,a,question 0,4
CONCERNCO_W49,b,question 0,4
CONCERNCO_W49,b,question 0,4
CONCERNCO_W49,c,question 0,4
CONCERNCO_W49,a,question 0,4
CONCERNCO_W49,b,question 0,4
CONCERNCO_W49,b,question 0,4
CONCERNCO_W49,b,question 0,4
CONCERNCO_W49,b,question 0,4
CONCERNCO_W49,a,question 0,4
CONCERNCO_W49,a,question 0,4
CONCERNCO_W49,b,question 0,4
CONCERNCO_W49,b,question 0,4
CONCERNCO_W49,b,question 0,4
CONCERNCO_W49,c,question 0,4
CONCERNCO_W49,b,question 0,4
CONCERNCO_W49,b,question 0,4
CONCERNCO_W49,a,question 0,4
CONCERNCO_W49,a,question 0,4
CONCERNCO_W49,c,question 0,4
CONCERNCO_W49,b,question 0,4
CONCERNCO_W49,b,question 0,4
CONCERNCO_W49,b,question 0,4
CONCERNCO_W49,b,question 0,4
CONCERNCO_W49,b,question 0,4
CONCERNCO_W49,b,question 0,4
CONCERNCO_W49,b,question 0,4
CONCERNCO_W49,b,question 0,4
CONCERNCO_W49,a,question 0,4
CONCERNCO_W49,b,question 0,4
CONCERNCO_W49,b,question 0,4
CONCERNCO_W49,b,question 0,4
CONCERNCO_W49,b,question 0,4
CONCERNCO_W49,b,question 0,4
CONCERNCO_W49,a,question 0,4
CONCERNCO_W49,b,question 0,4
CONCERNCO_W49,b,question 0,4
CONCERNCO_W49,b,question 0,4
CONCERNCO_W49,a,question 0,4
CONCERNCO_W49,b,question 0,4
CONCERNCO_W49,b,question 0,4
CONCERNCO_W49,b,question 0,4
CONCERNCO_W49,a,question 1,4
CONCERNCO_W49,b,question 1,4
CONCERNCO_W49,b,question 1,4
CONCERNCO_W49,a,question 1,4
CONCERNCO_W49,a,question 1,4
CONCERNCO_W49,a,question 1,4
CONCERNCO_W49,b,question 1,4
CONCERNCO_W49,b,question 1,4
CONCERNCO_W49,b,question 1,4
CONCERNCO_W49,a,question 1,4
CONCERNCO_W49,a,question 1,4
CONCERNCO_W49,b,question 1,4
CONCERNCO_W49,b,question 1,4
CONCERNCO_W49,b,question 1,4
CONCERNCO_W49,a,question 1,4
CONCERNCO_W49,b,question 1,4
CONCERNCO_W49,b,question 1,4
CONCERNCO_W49,b,question 1,4
CONCERNCO_W49,b,question 1,4
CONCERNCO_W49,b,question 1,4
CONCERNCO_W49,b,question 1,4
CONCERNCO_W49,b,question 1,4
CONCERNCO_W49,a,question 1,4
CONCERNCO_W49,b,question 1,4
CONCERNCO_W49,b,question 1,4
CONCERNCO_W49,b,question 1,4
CONCERNCO_W49,b,question 1,4
CONCERNCO_W49,a,question 1,4
CONCERNCO_W49,b,question 1,4
CONCERNCO_W49,a,question 1,4
CONCERNCO_W49,b,question 1,4
CONCERNCO_W49,b,question 1,4
CONCERNCO_W49,b,question 1,4
CONCERNCO_W49,a,question 1,4
CONCERNCO_W49,a,question 1,4
CONCERNCO_W49,a,question 1,4
CONCERNCO_W49,b,question 1,4
CONCERNCO_W49,b,question 1,4
CONCERNCO_W49,b,question 1,4
CONCERNCO_W49,b,question 1,4
CONCERNCO_W49,a,question 1,4
CONCERNCO_W49,b,question 1,4
CONCERNCO_W49,a,question 1,4
CONCERNCO_W49,a,question 1,4
CONCERNCO_W49,b,question 1,4
CONCERNCO_W49,a,question 1,4
CONCERNCO_W49,b,question 1,4
CONCERNCO_W49,a,question 1,4
CONCERNCO_W49,a,question 1,4
CONCERNCO_W49,b,question 1,4
